Branch,Zone,Service_Dealer_Type,Main_Outlet_code,Region_description,Name_1,City,Company_Code,Company_Name,Description
,,nan,,,,,,,
,,nan,,,,,,,
,,III,S322,SOUTH 2,,SOUTH ANDAMAN,LEAP,LEGACY AUTOMOBILES PVT LT,ANDAMAN & NICOBAR ISLANDS
,,nan,EX200075,EXPORT,,EXPORT,EXPORT,EXPORT - SOUTH AFRICA,SOUTH AFRICA
,,nan,EX200080,EXPORT,,EXPORT,EXPORT,EXPORT - BHUTAN,BHUTAN
,,III,EN15,EAST 2,,DIMAPUR,<PERSON>,GMDS MOTORS PVT LTD,NAGALAND
,,III,EN11,EAST 1,,GANGTOK,SAPL,SILIGURI AUTO WORKS PVT L,SIKKIM
,,nan,S320,SOUTH 2,,VISAKHAPATNAM,NMPL,NEON MOTORS PRIVATE LIMIT,ANDHRA PRADESH
,,nan,S321,SOUTH 2,,VISAKHAPATNAM,ACPL,APPLE CARS PRIVATE LIMITED,ANDHRA PRADESH
,,III,S316,SOUTH 2,,TIRUPATI,KAML,KESHVIN AUTOMOTORS PVT LT,ANDHRA PRADESH
,,III,SN32,SOUTH 2,,NELLORE,KAML,KESHVIN AUTOMOTORS PVT LT,ANDHRA PRADESH
,,III,SN37,SOUTH 2,,KURNOOL,KAML,KESHVIN AUTOMOTORS PVT LT,ANDHRA PRADESH
,,III,SN38,SOUTH 2,,ANANTAPUR,KAML,KESHVIN AUTOMOTORS PVT LT,ANDHRA PRADESH
,,II,SN39,SOUTH 2,,KADAPA,KAML,KESHVIN AUTOMOTORS PVT LT,ANDHRA PRADESH
,,II,S303,SOUTH 2,,VIJAYAWADA,SRIJ,JAYALAKSHMI AUTO,ANDHRA PRADESH
,,II,SN13,SOUTH 2,,RAJAHMUNDRY,SRIJ,JAYALAKSHMI AUTO,ANDHRA PRADESH
,,III,SN15,SOUTH 2,,GUNTUR,SRIJ,JAYALAKSHMI AUTO,ANDHRA PRADESH
,,III,SN32,SOUTH 2,,NELLORE,SRIJ,JAYALAKSHMI AUTO,ANDHRA PRADESH
,,III,S303,SOUTH 2,,TIRUPATI,SRIJ,JAYALAKSHMI AUTO,ANDHRA PRADESH
,,II,SW15,SOUTH 2,,VIJAYAWADA,SRIJ,JAYALAKSHMI AUTO,ANDHRA PRADESH
,,III,SU10,SOUTH 2,,ONGOLE,SRIJ,JAYALAKSHMI AUTO,ANDHRA PRADESH
,,nan,SS01,SOUTH 2,,VIZAG,TRIS,TRISTAR AUTO AGENCIES,ANDHRA PRADESH
,,III,SW01,SOUTH 2,,VIZAG,TRIS,TRISTAR AUTO AGENCIES,ANDHRA PRADESH
,,III,E307,EAST 2,,NAHARLAGUN,NIGL,NIGLA,ARUNACHAL PRADESH
,,III,E307,EAST 2,,PASIGHAT,NIGL,NIGLA,ARUNACHAL PRADESH
,,II,E301,EAST 2,,GUWAHATI,URBA,URBAN WORLD MOTOR PVT LTD,ASSAM
,,nan,EN16,EAST 2,,SILCHAR,<PERSON>,GMDS MOTORS PVT LTD,ASSAM
,,III,EN17,EAST 2,,SILCHAR,<PERSON>,GMDS MOTORS PVT LTD,ASSAM
,,III,E310,EAST 2,,NAGAON,<PERSON>,GMDS MOTORS PVT LTD,ASSAM
,,III,E310,EAST 2,,TEZPUR,<PERSON>,GMDS MOTORS PVT LTD,ASSAM
,,III,EN12,EAST 2,,DIBRUGARH,KARI,KARINI VENTURES PVT LTD,ASSAM
,,nan,ES04,EAST 2,,GUWAHATI,KARI,KARINI VENTURES PVT LTD,ASSAM
,,II,<PERSON>,EAST 2,,GUWAHATI,KARI,KARINI VENTURES PVT LTD,ASSAM
,,III,EN14,EAST 2,,<PERSON>,ASHI,ASHIANA FABICON PVT LTD,BIHAR
,,nan,ES03,EAST 2,,PATNA,ASHI,ASHIANA FABICON PVT LTD,BIHAR
,,II,EW03,EAST 2,,PATNA,ASHI,ASHIANA FABICON PVT LTD,BIHAR
,,II,EW05,EAST 2,,PATNA,ASHI,ASHIANA FABICON PVT LTD,BIHAR
,,nan,ES03,EAST 1,,PATNA,ASHI,ASHIANA FABICON PVT LTD,BIHAR
,,nan,ES09,EAST 2,,PATNA,IAPP,IMPERIAL AUTO PLANET PVT,BIHAR
,,III,ES09,EAST 2,,SIWAN,IAPP,IMPERIAL AUTO PLANET PVT,BIHAR
,,II,ES09,EAST 2,,PATNA,IAPP,IMPERIAL AUTO PLANET PVT,BIHAR
,,III,E309,EAST 2,,PURNIA,<PERSON>,MAHAKALI VENTURE LLP,BIHAR
,,III,E309,EAST 2,,BHAGALPUR,<PERSON>,MAHAKALI VENTURE LLP,BIHAR
,,II,W303,EAST 1,,RAIPUR,SHIV,SHIVAYAA CARS PVT LTD,CHHATTISGARH
,,III,WN08,EAST 1,,BILASPUR,SHIV,SHIVAYAA CARS PVT LTD,CHHATTISGARH
,,III,WN08,EAST 1,,AMBIKAPUR,SHIV,SHIVAYAA CARS PVT LTD,CHHATTISGARH
,,nan,WN33,EAST 1,,AMBIKAPUR,SHIV,SHIVAYAA CARS PVT LTD,CHHATTISGARH
,,III,W303,EAST 1,,JAGDALPUR,SHIV,SHIVAYAA CARS PVT LTD,CHHATTISGARH
,,III,W303,EAST 1,,BHILAI,SHIV,SHIVAYAA CARS PVT LTD,CHHATTISGARH
,,nan,DE04,CENTRAL 1,,NEW DELHI,CRYS,CRYSTAL AUTOCARS PVT LTD.,DELHI
,,nan,DS09,CENTRAL 1,,NEW DELHI,LMPL,LEGACY MOTOR PVT. LTD,DELHI
,,I+,DS09,CENTRAL 1,,NEW DELHI,LMPL,LEGACY MOTOR PVT. LTD,DELHI
,,nan,DE03,CENTRAL 1,,NEW DELHI,MGCP,PRIVATE LIMITED,DELHI
,,nan,DS03,CENTRAL 1,,NEW DELHI,MGCP,PRIVATE LIMITED,DELHI
,,nan,DS07,CENTRAL 1,,NEW DELHI,MGCP,PRIVATE LIMITED,DELHI
,,I+,DW03,CENTRAL 1,,NEW DELHI,MGCP,PRIVATE LIMITED,DELHI
,,I+,DW05,CENTRAL 1,,NEW DELHI,MGCP,PRIVATE LIMITED,DELHI
,,I+,<PERSON>,CENTRAL 1,,NEW DELHI,MGCP,PRIVATE LIMITED,DELHI
,,nan,DE02,CENTRAL 1,,NEW DELHI,PAHW,SAI SHREEJA CARS PVT LTD.,DELHI
,,I+,DN03,CENTRAL 1,,DWARKA,PAHW,SAI SHREEJA CARS PVT LTD.,DELHI
,,III,DN04,CENTRAL 1,,DWARKA,PAHW,SAI SHREEJA CARS PVT LTD.,DELHI
,,nan,DS02,CENTRAL 1,,NEW DELHI,PAHW,SAI SHREEJA CARS PVT LTD.,DELHI
,,nan,DS06,CENTRAL 1,,NEW DELHI,PAHW,SAI SHREEJA CARS PVT LTD.,DELHI
,,I+,DW02,CENTRAL 1,,NEW DELHI,PAHW,SAI SHREEJA CARS PVT LTD.,DELHI
,,I+,DE02,CENTRAL 1,,NEW DELHI,PAHW,SAI SHREEJA CARS PVT LTD.,DELHI
,,I+,DW14,CENTRAL 1,,NEW DELHI,PAHW,SAI SHREEJA CARS PVT LTD.,DELHI
,,nan,WS20,WEST 1,,GOA,AERO,AEROMARK CARS PVT LTD,GOA
,,II,WW23,WEST 1,,GOA,AERO,AEROMARK CARS PVT LTD,GOA
,,II,WS04,WEST 1,,MUDGAON,PRIO,PRIORITY AUTO LINCS,GOA
,,nan,WS04,WEST 1,,GOA,PRIO,PRIORITY AUTO LINCS,GOA
,,II,WW04,WEST 1,,GOA,PRIO,PRIORITY AUTO LINCS,GOA
,,I,W316,WEST 2,,AHMEDABAD,AERO,AEROMARK CARS PVT LTD,GUJARAT
,,nan,WS21,WEST 2,,AHMEDABAD,AERO,AEROMARK CARS PVT LTD,GUJARAT
,,nan,WE03,WEST 2,,AHMEDABAD,CONC,CONCEPT MOTOR GARAGE,GUJARAT
,,III,WN01,WEST 2,,<PERSON>,CONC,CONCEPT MOTOR GARAGE,GUJARAT
,,II,WS14,WEST 2,,GANDHINAGAR,CONC,CONCEPT MOTOR GARAGE,GUJARAT
,,III,WN32,WEST 2,,HIMMATNAGAR,CONC,CONCEPT MOTOR GARAGE,GUJARAT
,,nan,WS07,WEST 2,,AHMEDABAD,CONC,CONCEPT MOTOR GARAGE,GUJARAT
,,nan,WS14,WEST 2,,GANDHINAGAR,CONC,CONCEPT MOTOR GARAGE,GUJARAT
,,nan,WS16,WEST 2,,AHMEDABAD,CONC,CONCEPT MOTOR GARAGE,GUJARAT
,,I,WW07,WEST 2,,AHMEDABAD,CONC,CONCEPT MOTOR GARAGE,GUJARAT
,,I,WW17,WEST 2,,AHMEDABAD,CONC,CONCEPT MOTOR GARAGE,GUJARAT
,,III,WN02,WEST 2,,<PERSON>,JAIG,<PERSON> AUTOCARS,GUJARAT
,,III,WN17,WEST 2,,JAMNAGAR,JAIG,<PERSON> AUTOCARS,GUJARAT
,,III,WS10,WEST 2,,BHAVNAGAR,JAIG,<PERSON> AUTOCARS,GUJARAT
,,nan,WS10,WEST 2,,RAJKOT,JAIG,<PERSON> AUTOCARS,GUJARAT
,,II,WW09,WEST 2,,RAJKOT,JAIG,<PERSON> AUTOCARS,GUJARAT
,,III,WS10,WEST 2,,BHUJ,JAIG,<PERSON> AUTOCARS,GUJARAT
,,III,WS10,WEST 2,,MORBI,JAIG,<PERSON> AUTOCARS,GUJARAT
,,III,<PERSON>,WEST 2,,<PERSON>,KAYA,KAYAKALP CARS PVT. LTD,GUJARAT
,,nan,WS03,WEST 2,,VADODARA,KAYA,KAYAKALP CARS PVT. LTD,GUJARAT
,,II,WW03,WEST 2,,VADODARA,KAYA,KAYAKALP CARS PVT. LTD,GUJARAT
,,II,WW18,WEST 2,,VADODARA,KAYA,KAYAKALP CARS PVT. LTD,GUJARAT
,,III,WN03,WEST 2,,BHARUCH,NANA,<PERSON>,GUJARAT
,,III,WN11,WEST 2,,VAPI,NANA,<PERSON>,GUJARAT
,,nan,WS02,WEST 2,,SURAT,NANA,<PERSON>,GUJARAT
,,II,WW02,WEST 2,,SURAT,NANA,<PERSON>,GUJARAT
,,II,WW21,WEST 2,,SURAT,NANA,<PERSON>,GUJARAT
,,I,WS02,WEST 2,,SURAT,NANA,<PERSON>,GUJARAT
,,nan,W317,WEST 2,,PALANPUR,RIYA,RIYA AUTOTORQUE PRIVATE LTD,GUJARAT
,,nan,W317,WEST 2,,PATAN,RIYA,RIYA AUTOTORQUE PRIVATE LTD,GUJARAT
,,III,WU02,WEST 2,,PATAN,RIYA,RIYA AUTOTORQUE PRIVATE LTD,GUJARAT
,,III,W318,WEST 2,,<PERSON>,RIYA,RIYA AUTOTORQUE PRIVATE LTD,GUJARAT
,,nan,WU03,WEST 2,,VISNAGAR,RIYA,RIYA AUTOTORQUE PRIVATE LTD,GUJARAT
,,nan,WS25,WEST 2,,VADODARA,TACL,TECHAPOLLO CARS LLP,GUJARAT
,,I,WW26,WEST 2,,VADODARA,TACL,TECHAPOLLO CARS LLP,GUJARAT
,,III,WS25,WEST 2,,GODHRA,TACL,GODHRA,GUJARAT
,,III,N324,NORTH 2,,KAITHAL,LRMP,LEKH RAJ MOTORS PRIVATE LTD,HARYANA
,,nan,DS10,CENTRAL 1,,REWARI,HVAW,HARSH VARDHAN AUTO WHEELS LLP,HARYANA
,,nan,BL02,DIRECT SALES,,GURUGRAM,BL02,BLU-SMART PREMIUM FLEET PVT LTD,HARYANA
,,III,N329,NORTH 2,,<PERSON>,JSBM,JSB MOBILITY PVT LTD,HARYANA
,,I+,D301,CENTRAL 1,,FARIDABAD,CARD,CARGO MOTORS PVT. LTD,HARYANA
,,nan,DE01,CENTRAL 1,,GURUGRAM,CARD,CARGO MOTORS PVT. LTD,HARYANA
,,III,DS01,CENTRAL 1,,REWARI,CARD,CARGO MOTORS PVT. LTD,HARYANA
,,nan,DS01,CENTRAL 1,,GURUGRAM,CARD,CARGO MOTORS PVT. LTD,HARYANA
,,I+,DW01,CENTRAL 1,,GURUGRAM,CARD,SAINI COMMERCE PVT LTD,HARYANA
,,I+,DW07,CENTRAL 1,,FARIDABAD,CARD,CARGO MOTORS PVT. LTD,HARYANA
,,I+,DW10,CENTRAL 1,,GURUGRAM,CARD,CARGO MOTORS PVT. LTD,HARYANA
,,I+,DS01,CENTRAL 1,,GURUGRAM,CARD,CARGO MOTORS PVT. LTD,HARYANA
,,III,DS10,CENTRAL 1,,REWARI,CRYS,CRYSTAL AUTOCARS PVT LTD.,HARYANA
,,III,N312,NORTH 2,,HISAR,<PERSON>,GITANSH MOTORS PVT LTD,HARYANA
,,III,N315,NORTH 2,,<PERSON>,<PERSON>,GITANSH MOTORS PVT LTD,HARYANA
,,nan,NS01,NORTH 1,,PANCHKULA,<PERSON>,KRISHNA MOTOR GARAGE,HARYANA
,,nan,NS10,NORTH 2,,ROHTAK,LAPL,LOHCHAB AUTOCAR PVT. LTD,HARYANA
,,III,NW08,NORTH 2,,ROHTAK,LAPL,LOHCHAB AUTOCAR PVT. LTD,HARYANA
,,nan,NS10,NORTH 2,,BAHADURGARH,LAPL,LOHCHAB AUTOCAR PVT. LTD,HARYANA
,,III,D303,CENTRAL 1,,SONIPAT,MGCP,PRIVATE LIMITED,HARYANA
,,nan,DS04,CENTRAL 1,,SONIPAT,MGCP,PRIVATE LIMITED,HARYANA
,,III,DW06,CENTRAL 1,,SONIPAT,MGCP,PRIVATE LIMITED,HARYANA
,,III,DS03,CENTRAL 1,,ROHTAK,MGCP,PRIVATE LIMITED,HARYANA
,,III,D303,CENTRAL 1,,SONIPAT,MGCP,PRIVATE LIMITED,HARYANA
,,nan,DS11,CENTRAL 1,,GURUGRAM,MGCP,PRIVATE LIMITED,HARYANA
,,I+,DW18,CENTRAL 1,,GURUGRAM,MGCP,PRIVATE LIMITED,HARYANA
,,III,N305,NORTH 2,,KARNAL,RAHU,<PERSON>,HARYANA
,,III,NN10,NORTH 2,,YAMUNANAGAR,RAHU,<PERSON>,HARYANA
,,III,N305,NORTH 2,,PANIPAT,RAHU,<PERSON>,HARYANA
,,III,N305,NORTH 2,,<PERSON>,RAHU,<PERSON>,HARYANA
,,nan,NS09,NORTH 2,,PANIPAT,RAHU,<PERSON>,HARYANA
,,III,NW07,NORTH 2,,PANIPAT,RAHU,<PERSON>,HARYANA
,,nan,N322,NORTH 2,,SIRSA,RCPL,RITU CARS PRIVATE LTD,HARYANA
,,II,N322,NORTH 2,,BHIWANI,RCPL,RITU CARS PRIVATE LTD,HARYANA
,,III,N327,NORTH 2,,HISAR,RCPL,RITU CARS PRIVATE LTD,HARYANA
,,III,N328,NORTH 1,,KANGRA,MAPL,MAHARAJA AUTOZONE PVT LTD,HIMACHAL PRADESH
,,III,N314,NORTH 1,,MANDI,<PERSON>,KRISHNA MOTOR GARAGE,HIMACHAL PRADESH
,,III,N323,NORTH 1,,SOLAN,LOMP,LONGWALL MOTORS PVT LTD,HIMACHAL PRADESH
,,III,N323,NORTH 1,,SHIMLA,LOMP,LONGWALL MOTORS PVT LTD,HIMACHAL PRADESH
,,III,N326,NORTH 1,,SRINAGAR,<PERSON>,ARG AUTOMOBILES PVT LTD,JAMMU AND KASHMIR
,,III,NW17,NORTH 1,,SRINAGAR,KYAP,KY AUTOWHEELS PVT LTD,JAMMU AND KASHMIR
,,II,NW14,NORTH 1,,JAMMU,AMGA,AMG AUTOCRAFT PVT LTD,JAMMU AND KASHMIR
,,III,NW14,NORTH 1,,KATHUA,AMGA,AMG AUTOCRAFT PVT LTD,JAMMU AND KASHMIR
,,III,NN32,NORTH 1,,ANANTNAG,ARIS,ARISE AUTOZ PVT LTD,JAMMU AND KASHMIR
,,nan,NS04,NORTH 1,,JAMMU,ARIS,ARISE AUTOZ PVT LTD,JAMMU AND KASHMIR
,,III,NS05,NORTH 1,,SRINAGAR,ARIS,ARISE AUTOZ PVT LTD,JAMMU AND KASHMIR
,,II,NW03,NORTH 1,,JAMMU,ARIS,ARISE AUTOZ PVT LTD,JAMMU AND KASHMIR
,,II,NS05,NORTH 1,,SRINAGAR,ARIS,ARISE AUTOZ PVT LTD,JAMMU AND KASHMIR
,,III,E303,EAST 2,,JAMSHEDPUR,SING,SINGHANIA FUTURE PVT. LTD,JHARKHAND
,,III,E304,EAST 2,,DHANBAD,SING,SINGHANIA FUTURE PVT. LTD,JHARKHAND
,,nan,EE02,EAST 2,,DHANBAD,SING,SINGHANIA FUTURE PVT. LTD,JHARKHAND
,,III,ES02,EAST 2,,DHANBAD,SING,SINGHANIA FUTURE PVT. LTD,JHARKHAND
,,III,EN08,EAST 2,,JAMSHEDPUR,SING,SINGHANIA FUTURE PVT. LTD,JHARKHAND
,,III,E304,EAST 1,,DEOGHAR,SING,SINGHANIA FUTURE PVT. LTD,JHARKHAND
,,III,ES02,EAST 1,,HAZARIBAGH,SING,SINGHANIA FUTURE PVT. LTD,JHARKHAND
,,nan,ES02,EAST 2,,RANCHI,SING,SINGHANIA FUTURE PVT. LTD,JHARKHAND
,,II,EW02,EAST 2,,RANCHI,SING,SINGHANIA FUTURE PVT. LTD,JHARKHAND
,,nan,ES02,EAST 2,,RANCHI,SING,SINGHANIA FUTURE PVT. LTD,JHARKHAND
,,III,E304,EAST 2,,DEOGHAR,SING,SINGHANIA FUTURE PVT. LTD,JHARKHAND
,,nan,ES02,EAST 2,,DALTONGANJ,SING,SINGHANIA FUTURE PVT. LTD,JHARKHAND
,,III,S318,SOUTH 1,,VIJAYAPURA,JCPL,JOSHI CARS PVT LTD,KARNATAKA
,,nan,BL01,DIRECT SALES,,BENGALURU,BL01,BLU-SMART PREMIUM FLEET PVT LTD,KARNATAKA
,,nan,SS24,SOUTH 1,,BENGALURU,ARTH,KSIRI MOBILITY SOLUTIONS PRIVATE LIMITED,KARNATAKA
,,nan,SW19,SOUTH 1,,BENGALURU,ARTH,KSIRI MOBILITY SOLUTIONS PRIVATE LIMITED,KARNATAKA
,,III,S311,SOUTH 1,,HUBLI,BELL,BELLAD AND COMPANY PVT LTD,KARNATAKA
,,III,SN28,SOUTH 1,,BELGAUM,BELL,BELLAD AND COMPANY PVT LTD,KARNATAKA
,,III,SN31,SOUTH 1,,GULBARGA,BELL,BELLAD AND COMPANY PVT LTD,KARNATAKA
,,III,S311,SOUTH 1,,HOSPET,BELL,BELLAD AND COMPANY PVT LTD,KARNATAKA
,,nan,SS12,SOUTH 1,,SHIMOGA,CMPL,CAUVERY MOTORS PRIVATE LTD,KARNATAKA
,,III,SW11,SOUTH 1,,SHIMOGA,CMPL,CAUVERY MOTORS PRIVATE LTD,KARNATAKA
,,nan,<PERSON>,SOUTH 1,,<PERSON>,CMPL,CAUVERY MOTORS PRIVATE LTD,KARNATAKA
,,III,S304,SOUTH 1,,MYSORE,DYUT,DYUTHI AUTOMOBILES,KARNATAKA
,,III,SN09,SOUTH 1,,<PERSON>,DYUT,DYUTHI AUTOMOBILES,KARNATAKA
,,III,S312,SOUTH 1,,MANGALORE,<PERSON>,JUBILANT MOTORWORKS PRIVATE LIMITED,KARNATAKA
,,nan,SE01,SOUTH 1,,BENGALURU,<PERSON>,JUBILANT MOTORWORKS PRIVATE LIMITED,KARNATAKA
,,nan,<PERSON>,SOUTH 1,,BENGALURU,<PERSON>,JUBILANT MOTORWORKS PRIVATE LIMITED,KARNATAKA
,,nan,SE03,SOUTH 1,,BENGALURU,<PERSON>,JUBILANT MOTORWORKS PRIVATE LIMITED,KARNATAKA
,,III,SS02,SOUTH 1,,TUMKUR,<PERSON>,JUBILANT MOTORWORKS PRIVATE LIMITED,KARNATAKA
,,III,SN10,SOUTH 1,,MANGALORE,<PERSON>,JUBILANT MOTORWORKS PRIVATE LIMITED,KARNATAKA
,,I+,SS03,SOUTH 1,,BENGALURU,<PERSON>,JUBILANT MOTORWORKS PRIVATE LIMITED,KARNATAKA
,,III,SN30,SOUTH 1,,UDUPI,<PERSON>,JUBILANT MOTORWORKS PRIVATE LIMITED,KARNATAKA
,,nan,SS02,SOUTH 1,,BENGALURU,<PERSON>,JUBILANT MOTORWORKS PRIVATE LIMITED,KARNATAKA
,,nan,SS03,SOUTH 1,,BENGALURU,<PERSON>,JUBILANT MOTORWORKS PRIVATE LIMITED,KARNATAKA
,,nan,SS07,SOUTH 1,,BENGALURU,<PERSON>,JUBILANT MOTORWORKS PRIVATE LIMITED,KARNATAKA
,,nan,SS11,SOUTH 1,,BENGALURU,<PERSON>,JUBILANT MOTORWORKS PRIVATE LIMITED,KARNATAKA
,,I+,SS17,SOUTH 1,,BENGALURU,<PERSON>,JUBILANT MOTORWORKS PRIVATE LIMITED,KARNATAKA
,,I+,SW02,SOUTH 1,,BENGALURU,<PERSON>,JUBILANT MOTORWORKS PRIVATE LIMITED,KARNATAKA
,,I+,SW03,SOUTH 1,,BENGALURU,<PERSON>,JUBILANT MOTORWORKS PRIVATE LIMITED,KARNATAKA
,,I+,SW08,SOUTH 1,,BENGALURU,<PERSON>,JUBILANT MOTORWORKS PRIVATE LIMITED,KARNATAKA
,,I+,SW14,SOUTH 1,,BENGALURU,<PERSON>,JUBILANT MOTORWORKS PRIVATE LIMITED,KARNATAKA
,,nan,SW22,SOUTH 1,,BENGALURU,<PERSON>,JUBILANT MOTORWORKS PRIVATE LIMITED,KARNATAKA
,,nan,SU05,SOUTH 1,,TUMKUR,<PERSON>,JUBILANT MOTORWORKS PRIVATE LIMITED,KARNATAKA
,,III,SS04,SOUTH 2,,GULBARGA,RAAM,RAAM4WHEELERS LLP,KARNATAKA
,,II,S306,SOUTH 1,,COCHIN,COAS,COASTLINE GARAGES INDIA,KERALA
,,III,S308,SOUTH 1,,THRISSUR,COAS,COASTLINE GARAGES INDIA,KERALA
,,III,S313,SOUTH 1,,KOTTAYAM,COAS,COASTLINE GARAGES INDIA,KERALA
,,III,S306,SOUTH 1,,ALAPPUZHA,COAS,COASTLINE GARAGES INDIA,KERALA
,,III,S306,SOUTH 1,,MUVATTUPUZHA,COAS,COASTLINE GARAGES INDIA,KERALA
,,III,SS10,SOUTH 1,,<PERSON>,COAS,COASTLINE GARAGES INDIA,KERALA
,,III,SN07,SOUTH 1,,MALAPPURAM,COAS,COASTLINE GARAGES INDIA,KERALA
,,III,SN11,SOUTH 1,,KOTTAYAM,COAS,COASTLINE GARAGES INDIA,KERALA
,,nan,SS06,SOUTH 1,,CALICUT,COAS,COASTLINE GARAGES INDIA,KERALA
,,nan,SS10,SOUTH 1,,<PERSON>,COAS,COASTLINE GARAGES INDIA,KERALA
,,III,SW06,SOUTH 1,,CALICUT,COAS,COASTLINE GARAGES INDIA,KERALA
,,I,S306,SOUTH 2,,COCHIN,COAS,GARAGES,KERALA
,,I,S306,SOUTH 2,,COCHIN,COAS,"GARAGES, ALLEPPEY",KERALA
,,III,S317,SOUTH 1,,KANNUR,<PERSON>,FORTUNE MALAYALAM AUTOMOB,KERALA
,,III,SN35,SOUTH 1,,KOLLAM,<PERSON>,FORTUNE MALAYALAM AUTOMOB,KERALA
,,nan,SS16,SOUTH 1,,TRIVANDRUM,<PERSON>,FORTUNE MALAYALAM AUTOMOB,KERALA
,,nan,SS21,SOUTH 1,,COCHIN,<PERSON>,FORTUNE MALAYALAM AUTOMOB,KERALA
,,II,SW13,SOUTH 1,,TRIVANDRUM,<PERSON>,FORTUNE MALAYALAM AUTOMOB,KERALA
,,nan,SW18,SOUTH 1,,KOCHI,<PERSON>,FORTUNE MALAYALAM AUTOMOB,KERALA
,,nan,SU01,SOUTH 1,,THIRUVALLA,<PERSON>,FORTUNE MALAYALAM AUTOMOB,KERALA
,,nan,SX01,SOUTH 1,,TRIVANDRUM,<PERSON>,FORTUNE MALAYALAM AUTOMOB,KERALA
,,II,S307,SOUTH 1,,TRIVANDRUM,POWH,POTHEN WHEELS PVT LTD,KERALA
,,III,SN08,SOUTH 1,,PATHNAMITHA,POWH,POTHEN WHEELS PVT LTD,KERALA
,,III,S307,SOUTH 1,,KOLLAM,POWH,POTHEN WHEELS PVT LTD,KERALA
,,III,SN21,SOUTH 1,,KOLLAM,POWH,POTHEN WHEELS PVT LTD,KERALA
,,II,SW07,SOUTH 1,,TRIVANDRUM,POWH,POTHEN WHEELS PVT LTD,KERALA
,,nan,W313,WEST 2,,SATNA,DSAP,DS AUTOMOTIVE PRIVATE LTD,MADHYA PRADESH
,,III,W315,WEST 2,,RATLAM,HCPL,HRIDAY CARS PVT. LTD.,MADHYA PRADESH
,,nan,W310,WEST 2,,INDORE,AERO,AEROMARK CARS PVT LTD,MADHYA PRADESH
,,nan,W311,WEST 2,,BHOPAL,AERO,AEROMARK CARS PVT LTD,MADHYA PRADESH
,,nan,WN35,WEST 2,,UJJAIN,AERO,AEROMARK CARS PVT LTD,MADHYA PRADESH
,,II,WW19,WEST 2,,BHOPAL,AERO,AEROMARK CARS PVT LTD,MADHYA PRADESH
,,II,WW20,WEST 2,,INDORE,AERO,AEROMARK CARS PVT LTD,MADHYA PRADESH
,,III,WS08,WEST 2,,RATLAM,HRID,HRIDAY CARS PVT. LTD,MADHYA PRADESH
,,nan,WS08,WEST 2,,INDORE,HRID,HRIDAY CARS PVT. LTD,MADHYA PRADESH
,,nan,WS09,WEST 2,,BHOPAL,HRID,HRIDAY CARS PVT. LTD,MADHYA PRADESH
,,II,WW08,WEST 2,,BHOPAL,HRID,HRIDAY CARS PVT. LTD,MADHYA PRADESH
,,II,WW10,WEST 2,,INDORE,HRID,HRIDAY CARS PVT. LTD,MADHYA PRADESH
,,III,W306,WEST 2,,JABALPUR,KHAT,KHATWANI MOTORS PVT LTD,MADHYA PRADESH
,,III,W306,WEST 2,,SATNA,KHAT,KHATWANI MOTORS PVT LTD,MADHYA PRADESH
,,III,W306,WEST 2,,CHHATARPUR,KHAT,KHATWANI MOTORS PVT LTD,MADHYA PRADESH
,,III,W306,WEST 2,,SHAHDOL,KHAT,KHATWANI MOTORS PVT LTD,MADHYA PRADESH
,,III,W306,WEST 2,,KATNI,KHAT,KHATWANI MOTORS PVT LTD,MADHYA PRADESH
,,III,W306,WEST 2,,DAMOH,KHAT,KHATWANI MOTORS PVT LTD,MADHYA PRADESH
,,III,WS17,WEST 2,,CHHINDWARA,PAPL,PATODI AUTOMOBILES PVT.LT,MADHYA PRADESH
,,III,WS16,WEST 2,,CHHINDWARA,PAPL,PATODI AUTOMOBILES PVT.LT,MADHYA PRADESH
,,III,W307,WEST 2,,GWALIOR,<PERSON>,SUMEDHA VEHICLES PVT LTD,MADHYA PRADESH
,,III,W307,WEST 2,,SHIVPURI,<PERSON>,SUMEDHA VEHICLES PVT LTD,MADHYA PRADESH
,,III,W309,WEST 1,,SOLAPUR,GANC,<PERSON> CARS,MAHARASHTRA
,,III,W314,WEST 1,,JALGAON,SULP,SARASWATI UNICORP LLP,MAHARASHTRA
,,nan,JS01,DIRECT SALES,,MUMBAI,JS01,JSW STEEL LIMITED,MAHARASHTRA
,,nan,WS24,WEST 1,,MUMBAI,AERO,AEROMARK CARS PVT LTD,MAHARASHTRA
,,I+,WW25,WEST 1,,MUMBAI,AERO,AEROMARK CARS PVT LTD,MAHARASHTRA
,,I+,W302,WEST 1,,MUMBAI,ARNV,KRISHIV AUTO AGENCIES,MAHARASHTRA
,,nan,WE04,WEST 1,,MUMBAI,ARNV,KRISHIV AUTO AGENCIES,MAHARASHTRA
,,III,WN30,WEST 1,,MUMBAI,ARNV,KRISHIV AUTO AGENCIES,MAHARASHTRA
,,nan,WS11,WEST 1,,MUMBAI,ARNV,KRISHIV AUTO AGENCIES,MAHARASHTRA
,,nan,WS22,WEST 1,,MUMBAI,ARNV,KRISHIV AUTO AGENCIES,MAHARASHTRA
,,I+,W302,WEST 1,,MUMBAI,ARNV,KRISHIV AUTO AGENCIES,MAHARASHTRA
,,I,W302,WEST 1,,MUMBAI,ARNV,KRISHIV AUTO AGENCIES,MAHARASHTRA
,,I,W304,WEST 1,,PUNE,BUBH,B.U BHANDARI AUTO PVT LTD,MAHARASHTRA
,,nan,W308,WEST 1,,PUNE,BUBH,B.U BHANDARI AUTO PVT LTD,MAHARASHTRA
,,I,W312,WEST 1,,PUNE,BUBH,B.U BHANDARI AUTO PVT LTD,MAHARASHTRA
,,nan,WE01,WEST 1,,PUNE,BUBH,B.U BHANDARI AUTO PVT LTD,MAHARASHTRA
,,III,WN12,WEST 1,,BARAMATI,BUBH,B.U BHANDARI AUTO PVT LTD,MAHARASHTRA
,,III,WN21,WEST 1,,LATUR,DHOO,DHOOT MOTORS AUTOTECH,MAHARASHTRA
,,III,WN29,WEST 1,,<PERSON>,DHOO,DHOOT MOTORS AUTOTECH,MAHARASHTRA
,,nan,WS01,WEST 1,,AURANGABAD,DHOO,DHOOT MOTORS AUTOTECH,MAHARASHTRA
,,III,WW01,WEST 1,,AURANGABAD,DHOO,DHOOT MOTORS AUTOTECH,MAHARASHTRA
,,III,WS13,WEST 1,,SHIRDI,JITE,JITENDRA WHEELS PVT LTD.,MAHARASHTRA
,,III,WS13,WEST 1,,JALGAON,JITE,JITENDRA WHEELS PVT LTD.,MAHARASHTRA
,,III,WN14,WEST 1,,DHULE,JITE,JITENDRA WHEELS PVT LTD.,MAHARASHTRA
,,III,WN27,WEST 1,,AHMEDNAGAR,JITE,JITENDRA WHEELS PVT LTD.,MAHARASHTRA
,,nan,WS13,WEST 1,,NASHIK,JITE,JITENDRA WHEELS PVT LTD.,MAHARASHTRA
,,II,WW12,WEST 1,,NASHIK,JITE,JITENDRA WHEELS PVT LTD.,MAHARASHTRA
,,nan,<PERSON>,WEST 1,,PUNE,<PERSON>,JUBILANT MOTORWORKS PRIVATE LIMITED,MAHARASHTRA
,,I+,WW24,WEST 1,,PUNE,<PERSON>,JUBILANT MOTORWORKS PRIVATE LIMITED,MAHARASHTRA
,,nan,WS26,WEST 1,,MUMBAI,MODI,CARNEXT AUTO PVT LTD,MAHARASHTRA
,,I+,WW28,WEST 1,,PANVEL,MODI,CARNEXT AUTO PVT LTD,MAHARASHTRA
,,III,WS26,WEST 1,,ALIBAUG,MODI,CARNEXT AUTO PVT LTD,MAHARASHTRA
,,nan,WX01,WEST 1,,MIRA ROAD,MODI,CARNEXT AUTO PVT LTD,MAHARASHTRA
,,II,W305,WEST 1,,NAGPUR,NANG,NANGIA CARS PVT LTD,MAHARASHTRA
,,III,WN05,WEST 1,,AMRAVATI,NANG,NANGIA CARS PVT LTD,MAHARASHTRA
,,III,WN28,WEST 1,,CHANDRAPUR,NANG,NANGIA CARS PVT LTD,MAHARASHTRA
,,nan,WE02,WEST 1,,MUMBAI,<PERSON>,TEJPAL MOTORS PVT LTD,MAHARASHTRA
,,II,WN20,WEST 1,,NAVI MUMBAI,<PERSON>,TEJPAL MOTORS PVT LTD,MAHARASHTRA
,,I+,WN26,WEST 1,,NAVI MUMBAI,<PERSON>,TEJPAL MOTORS PVT LTD,MAHARASHTRA
,,nan,WS06,WEST 1,,MUMBAI,<PERSON>,TEJPAL MOTORS PVT LTD,MAHARASHTRA
,,nan,WS15,WEST 1,,MUMBAI,<PERSON>,TEJPAL MOTORS PVT LTD,MAHARASHTRA
,,nan,WS18,WEST 1,,MUMBAI,<PERSON>,TEJPAL MOTORS PVT LTD,MAHARASHTRA
,,nan,WS19,WEST 1,,MUMBAI,<PERSON>,TEJPAL MOTORS PVT LTD,MAHARASHTRA
,,I+,WW06,WEST 1,,MUMBAI,<PERSON>,TEJPAL MOTORS PVT LTD,MAHARASHTRA
,,I+,WE02,WEST 1,,NAVI MUMBAI,<PERSON>,TEJPAL MOTORS PVT LTD,MAHARASHTRA
,,I+,WW22,WEST 1,,NAVI MUMBAI,<PERSON>,TEJPAL MOTORS PVT LTD,MAHARASHTRA
,,III,WS05,WEST 1,,SANGLI,UNIQ,UNIQUE AUTOMOBILES,MAHARASHTRA
,,III,WN07,WEST 1,,SATARA,UNIQ,UNIQUE AUTOMOBILES,MAHARASHTRA
,,III,W309,WEST 2,,SOLAPUR,UNIQ,UNIQUE AUTOMOBILES,MAHARASHTRA
,,nan,WS05,WEST 1,,KOLHAPUR,UNIQ,UNIQUE AUTOMOBILES,MAHARASHTRA
,,III,WW05,WEST 1,,KOLHAPUR,UNIQ,UNIQUE AUTOMOBILES,MAHARASHTRA
,,nan,WU07,WEST 1,,SANGLI,UNIQ,UNIQUE AUTOMOBILES,MAHARASHTRA
,,III,E306,EAST 2,,IMPHAL,<PERSON>,GMDS MOTORS PVT LTD,MANIPUR
,,III,EW06,EAST 2,,IMPHAL,<PERSON>,GMDS MOTORS PVT LTD,MANIPUR
,,nan,EX01,EXPORT,,EXPORT,EXPORT,EXPORT - NEPAL,NEPAL
,,nan,EX200052,EXPORT,,EXPORT,EXPORT,EXPORT - NEPAL,NEPAL
,,nan,EX200060,EXPORT,,EXPORT,EXPORT,EXPORT - NEPAL,NEPAL
,,nan,EX200061,EXPORT,,EXPORT,EXPORT,EXPORT - NEPAL,NEPAL
,,nan,ES08,EAST 1,,ROURKELA,SSSP,S S STEELLOY PVT LTD,ORISSA
,,II,E302,EAST 1,,BHUBANESWAR,EMPR,EMPREO WHEELS PVT. LTD,ORISSA
,,III,EN04,EAST 1,,SAMBALPUR,EMPR,EMPREO WHEELS PVT. LTD,ORISSA
,,III,EN13,EAST 1,,ANGUL,EMPR,EMPREO WHEELS PVT. LTD,ORISSA
,,III,EN06,EAST 1,,BALASORE,EMPR,EMPREO WHEELS PVT. LTD,ORISSA
,,III,EN07,EAST 2,,<PERSON>,EMPR,EMPREO WHEELS PVT. LTD,ORISSA
,,nan,EN13,EAST 1,,ANGUL,EMPR,EMPREO WHEELS PVT. LTD,ORISSA
,,II,E302,EAST 1,,CUTTACK,EMPR,EMPREO WHEELS PVT. LTD,ORISSA
,,nan,EN04,EAST 1,,ROURKELA,EMPR,EMPREO WHEELS PVT. LTD,ORISSA
,,nan,ES07,EAST 1,,BHUBANESWAR,SSAP,SUPER SALES AUTOMOBILES PVT LMT,ORISSA
,,I,ES07,EAST 1,,BHUBANESWAR,SSAP,SUPER SALES AUTOMOBILES PVT LMT,ORISSA
,,III,S315,SOUTH 2,,ARIYANKUPPAM,FPLA,FPL VEHICLES PVT LTD,PUDUCHERRY
,,III,<PERSON>,SOUTH 2,,PONDICHERRY,FPLA,FPL VEHICLES PVT LTD,PUDUCHERRY
,,III,N302,NORTH 1,,JALANDHAR,CARD,CARGO MOTORS PVT. LTD,PUNJAB
,,III,NS07,NORTH 1,,AMRITSAR,CARD,CARGO MOTORS PVT. LTD,PUNJAB
,,III,N302,NORTH 1,,NAWANSHAHAR,CARD,CARGO MOTORS PVT. LTD,PUNJAB
,,III,N302,NORTH 1,,HOSHIARPUR,CARD,CARGO MOTORS PVT. LTD,PUNJAB
,,nan,NS07,NORTH 1,,AMRITSAR,CARD,CARGO MOTORS PVT. LTD,PUNJAB
,,III,N302,NORTH 1,,HOSHIARPUR,CARD,CARGO MOTORS PVT. LTD,PUNJAB
,,II,N301,NORTH 1,,LUDHIANA,<PERSON>,GITANSH MOTORS PVT LTD,PUNJAB
,,III,NN17,NORTH 1,,BHATINDA,<PERSON>,GITANSH MOTORS PVT LTD,PUNJAB
,,nan,N301,NORTH 2,,LUDHIANA,<PERSON>,GITANSH MOTORS PVT LTD,PUNJAB
,,II,N308,NORTH 1,,MOHALI,<PERSON>,KRISHNA MOTOR GARAGE,PUNJAB
,,III,N310,NORTH 1,,PATIALA,<PERSON>,KRISHNA MOTOR GARAGE,PUNJAB
,,III,NN23,NORTH 1,,PATIALA,<PERSON>,KRISHNA MOTOR GARAGE,PUNJAB
,,nan,NS01,NORTH 1,,CHANDIGARH,<PERSON>,KRISHNA MOTOR GARAGE,PUNJAB
,,II,NW12,NORTH 1,,CHANDIGARH,<PERSON>,KRISHNA MOTOR GARAGE,PUNJAB
,,III,N325,NORTH 1,,BHATINDA,RPJM,RP JHUNTHRA MOTORS PRIVATE LIMITED,PUNJAB
,,III,N325,NORTH 1,,FARIDKOT,RPJM,RP JHUNTHRA MOTORS PRIVATE LIMITED,PUNJAB
,,II,N319,NORTH 2,,UDAIPUR,CHAM,CHAMBAL MOTORS PVT LTD,RAJASTHAN
,,III,N303,NORTH 2,,KOTA,CHAM,CHAMBAL MOTORS PVT LTD,RAJASTHAN
,,III,N319,NORTH 2,,BHILWARA,CHAM,CHAMBAL MOTORS PVT LTD,RAJASTHAN
,,nan,NS14,NORTH 2,,ALWAR,<PERSON>,CHANDRAMAULI,RAJASTHAN
,,III,NW16,NORTH 2,,ALWAR,<PERSON>,CHANDRAMAULI,RAJASTHAN
,,III,NS14,NORTH 2,,BHARATPUR,<PERSON>,CHANDRAMAULI,RAJASTHAN
,,III,NS14,NORTH 2,,BEHROR,<PERSON>,CHANDRAMAULI,RAJASTHAN
,,II,N309,NORTH 2,,JODHPUR,<PERSON>,GANPATI FOUR WHEELS,RAJASTHAN
,,II,NN21,NORTH 2,,BIKANER,<PERSON>,GANPATI FOUR WHEELS,RAJASTHAN
,,III,N309,NORTH 2,,SRI GANGANAGAR,<PERSON>,GANPATI FOUR WHEELS,RAJASTHAN
,,nan,NE02,NORTH 2,,JAIPUR,GPSA,GPS AUTOMOBILES PVT LTD,RAJASTHAN
,,III,NS02,NORTH 2,,BHIWADI,GPSA,GPS AUTOMOBILES PVT LTD,RAJASTHAN
,,III,NN15,NORTH 2,,AJMER,GPSA,GPS AUTOMOBILES PVT LTD,RAJASTHAN
,,III,NS02,NORTH 2,,SIKAR,GPSA,GPS AUTOMOBILES PVT LTD,RAJASTHAN
,,nan,NS02,NORTH 2,,JAIPUR,GPSA,GPS AUTOMOBILES PVT LTD,RAJASTHAN
,,nan,NS13,NORTH 2,,JAIPUR,GPSA,GPS AUTOMOBILES PVT LTD,RAJASTHAN
,,II,NW01,NORTH 2,,JAIPUR,GPSA,GPS AUTOMOBILES PVT LTD,RAJASTHAN
,,nan,NS08,NORTH 2,,KOTA,OMPL,OM AUTOMOTORS PVT LTD,RAJASTHAN
,,III,NS08,NORTH 2,,KOTA,OMPL,OM AUTOMOTORS PVT LTD,RAJASTHAN
,,II,N319,NORTH 2,,UDAIPUR,PPSM,PPS MOTORS PRIVATE LTD,RAJASTHAN
,,III,NN33,NORTH 2,,BHILWARA,PPSM,PPS MOTORS PRIVATE LTD,RAJASTHAN
,,III,NW13,NORTH 2,,UDAIPUR,PPSM,PPS MOTORS PRIVATE LTD,RAJASTHAN
,,nan,N321,NORTH 2,,JAIPUR,SMPL,SAISUM MOTORS PVT LTD,RAJASTHAN
,,I,NW15,NORTH 2,,JAIPUR,SMPL,SAISUM MOTORS PVT LTD,RAJASTHAN
,,III,N321,NORTH 2,,SIKAR,SMPL,SAISUM MOTORS PVT LTD,RAJASTHAN
,,II,S301,SOUTH 2,,COIMBATORE,ARTE,ARTEMIS CARS INDIA PVT LTD,TAMIL NADU
,,III,S302,SOUTH 2,,MADURAI,ARTE,ARTEMIS CARS INDIA PVT LTD,TAMIL NADU
,,nan,SE05,SOUTH 2,,CHENNAI,FPLA,FPL VEHICLES PVT LTD,TAMIL NADU
,,III,SN12,SOUTH 2,,VELLORE,FPLA,FPL VEHICLES PVT LTD,TAMIL NADU
,,III,SN34,SOUTH 2,,KRISHNAGIRI,FPLA,FPL VEHICLES PVT LTD,TAMIL NADU
,,nan,SS05,SOUTH 2,,CHENNAI,FPLA,FPL VEHICLES PVT LTD,TAMIL NADU
,,nan,SS09,SOUTH 2,,CHENNAI,FPLA,FPL VEHICLES PVT LTD,TAMIL NADU
,,nan,SS05,SOUTH 2,,CHENNAI,FPLA,FPL VEHICLES PVT LTD,TAMIL NADU
,,I,SW05,SOUTH 2,,CHENNAI,FPLA,FPL VEHICLES PVT LTD,TAMIL NADU
,,I,SW10,SOUTH 2,,AMBATTUR,FPLA,FPL VEHICLES PVT LTD,TAMIL NADU
,,I+,SW17,SOUTH 2,,CHENNAI,FPLA,FPL VEHICLES PVT LTD,TAMIL NADU
,,II,S309,SOUTH 2,,COIMBATORE,PPSM,PPS MOTORS PRIVATE LTD,TAMIL NADU
,,III,S310,SOUTH 2,,MADURAI,PPSM,PPS MOTORS PRIVATE LTD,TAMIL NADU
,,III,SN20,SOUTH 2,,SALEM,PPSM,PPS MOTORS PRIVATE LTD,TAMIL NADU
,,III,SN23,SOUTH 2,,MADURAI,PPSM,PPS MOTORS PRIVATE LTD,TAMIL NADU
,,III,SN24,SOUTH 2,,TRICHY,PPSM,PPS MOTORS PRIVATE LTD,TAMIL NADU
,,III,SN29,SOUTH 2,,THANJAVUR,PPSM,PPS MOTORS PRIVATE LTD,TAMIL NADU
,,III,SN33,SOUTH 2,,ERODE,PPSM,PPS MOTORS PRIVATE LTD,TAMIL NADU
,,III,SN36,SOUTH 2,,TIRUNELVELI,PPSM,PPS MOTORS PRIVATE LTD,TAMIL NADU
,,nan,SS20,SOUTH 2,,COIMBATORE,<PERSON>,RAMANI AUTO PRIVATE LIMITED,TAMIL NADU
,,II,<PERSON>,SOUTH 2,,COIMBATORE,<PERSON>,RAMANI AUTO PRIVATE LIMITED,TAMIL NADU
,,nan,SS20,SOUTH 2,,KARUR,<PERSON>,RAMANI AUTO PRIVATE LIMITED,TAMIL NADU
,,III,SS20,SOUTH 2,,<PERSON>,<PERSON>,RAMANI AUTO PRIVATE LIMITED,TAMIL NADU
,,nan,SS23,SOUTH 2,,CHENNAI,SMKA,SMK AUTO LLP,TAMIL NADU
,,I,SW20,SOUTH 2,,CHENNAI,SMKA,SMK AUTO LLP,TAMIL NADU
,,nan,SS19,SOUTH 2,,HYDERABAD,AMPL,AUTOMOTIVE MANUFACTURERS,TELANGANA
,,I+,nan,SOUTH 2,,<PERSON>,AMPL,AUTOMOTIVE MANUFACTURERS,TELANGANA
,,nan,SS22,SOUTH 2,,MAHBUBNAGAR,NARM,NARMADA MOTOR VALLEY,TELANGANA
,,nan,nan,SOUTH 2,,<PERSON>,NARM,NARMADA MOTOR VALLEY,TELANGANA
,,III,SW24,SOUTH 1,,KHAMMAM,NARM,NARMADA MOTOR VALLEY,TELANGANA
,,nan,SS14,SOUTH 2,,HYDERABAD,PPSM,PPS MOTORS PRIVATE LTD,TELANGANA
,,nan,SS18,SOUTH 2,,HYDERABAD,PPSM,PPS MOTORS PRIVATE LTD,TELANGANA
,,I,SW12,SOUTH 2,,HYDERABAD,PPSM,PPS MOTORS PRIVATE LTD,TELANGANA
,,I,S314,SOUTH 2,,HYDERABAD,RAAM,RAAM4WHEELERS LLP,TELANGANA
,,nan,SE04,SOUTH 2,,HYDERABAD,RAAM,RAAM4WHEELERS LLP,TELANGANA
,,III,SS04,SOUTH 2,,NIZAMABAD,RAAM,RAAM4WHEELERS LLP,TELANGANA
,,III,SS04,SOUTH 2,,WARANGAL,RAAM,RAAM4WHEELERS LLP,TELANGANA
,,III,SS04,SOUTH 2,,KHAMMAM,RAAM,RAAM4WHEELERS LLP,TELANGANA
,,III,SN18,SOUTH 2,,KARIMNAGAR,RAAM,RAAM4WHEELERS LLP,TELANGANA
,,III,SS04,SOUTH 2,,MAHBUBNAGAR,RAAM,RAAM4WHEELERS LLP,TELANGANA
,,nan,SS04,SOUTH 2,,HYDERABAD,RAAM,RAAM4WHEELERS LLP,TELANGANA
,,nan,SS08,SOUTH 2,,WARANGAL,RAAM,RAAM4WHEELERS LLP,TELANGANA
,,nan,SS15,SOUTH 2,,HYDERABAD,RAAM,RAAM4WHEELERS LLP,TELANGANA
,,I,SW04,SOUTH 2,,HYDERABAD,RAAM,RAAM4WHEELERS LLP,TELANGANA
,,I,SW09,SOUTH 2,,HYDERABAD,RAAM,RAAM4WHEELERS LLP,TELANGANA
,,I+,SW16,SOUTH 2,,HYDERABAD,RAAM,RAAM4WHEELERS LLP,TELANGANA
,,nan,SS25,SOUTH 2,,HYDERABAD,VIBR,VIBRANT VEHICLES PVT LTD,TELANGANA
,,nan,S319,SOUTH 2,,HYDERABAD,VIBR,VIBRANT VEHICLES PVT LTD,TELANGANA
,,III,N318,CENTRAL 2,,JHANSI,SOCL,SOCMO MOTORS LLP,UTTAR PRADESH
,,III,N320,CENTRAL 2,,VARANASI,GTPL,GANPATI TRADECOM PVT LTD,UTTAR PRADESH
,,III,DU03,CENTRAL 2,,FIROZABAD,PAVL,PREM AUTO VENTURES LLP,UTTAR PRADESH
,,II,N306,CENTRAL 2,,LUCKNOW,BEEA,BEEAAR AUTOWHEELS INDIA,UTTAR PRADESH
,,nan,NE01,CENTRAL 2,,LUCKNOW,BEEA,BEEAAR AUTOWHEELS INDIA,UTTAR PRADESH
,,nan,NN12,CENTRAL 2,,SULTANPUR,BEEA,BEEAAR AUTOWHEELS INDIA,UTTAR PRADESH
,,III,N306,CENTRAL 2,,SITAPUR,BEEA,BEEAAR AUTOWHEELS INDIA,UTTAR PRADESH
,,III,N306,CENTRAL 2,,LAKHIMPUR,BEEA,BEEAAR AUTOWHEELS INDIA,UTTAR PRADESH
,,nan,NS11,CENTRAL 2,,GORAKHPUR,BEEA,BEEAAR AUTOWHEELS INDIA,UTTAR PRADESH
,,nan,NS12,CENTRAL 2,,LUCKNOW,BEEA,BEEAAR AUTOWHEELS INDIA,UTTAR PRADESH
,,III,NW09,CENTRAL 2,,GORAKHPUR,BEEA,BEEAAR AUTOWHEELS INDIA,UTTAR PRADESH
,,II,NW10,CENTRAL 2,,LUCKNOW,BEEA,BEEAAR AUTOWHEELS INDIA,UTTAR PRADESH
,,I+,D302,CENTRAL 2,,<PERSON>,CRYS,CRYSTAL AUTOCARS PVT LTD.,UTTAR PRADESH
,,nan,DE05,CENTRAL 2,,GHAZIABAD,CRYS,CRYSTAL AUTOCARS PVT LTD.,UTTAR PRADESH
,,III,DE05,CENTRAL 2,,BULANDSHAHR,CRYS,CRYSTAL AUTOCARS PVT LTD.,UTTAR PRADESH
,,nan,<PERSON>,CENTRAL 2,,<PERSON>,CRYS,CRYSTAL AUTOCARS PVT LTD.,UTTAR PRADESH
,,I+,DW08,CENTRAL 2,,GHAZIABAD,CRYS,CRYSTAL AUTOCARS PVT LTD.,UTTAR PRADESH
,,I+,DW12,CENTRAL 2,,<PERSON>,CRYS,CRYSTAL AUTOCARS PVT LTD.,UTTAR PRADESH
,,III,NS15,CENTRAL 2,,<PERSON>,DATP,DEE AUTOTECH PRIVATE LIMITED,UTTAR PRADESH
,,nan,NS15,CENTRAL 2,,<PERSON>,DATP,DEE AUTOTECH PRIVATE LIMITED,UTTAR PRADESH
,,I+,D304,CENTRAL 2,,GREATER NOIDA,FRON,FRONTIER AUTOMOBILES PVL,UTTAR PRADESH
,,nan,DS08,CENTRAL 2,,<PERSON>,FRON,FRONTIER AUTOMOBILES PVL,UTTAR PRADESH
,,I+,DW13,CENTRAL 2,,<PERSON>,FRON,FRONTIER AUTOMOBILES PVL,UTTAR PRADESH
,,II,N307,CENTRAL 2,,DEHRADUN,<PERSON>,GRAND VEHICLES (P) LTD.,UTTAR PRADESH
,,III,N307,CENTRAL 2,,MEERUT,<PERSON>,GRAND VEHICLES (P) LTD.,UTTAR PRADESH
,,nan,NS06,CENTRAL 2,,MEERUT,<PERSON>,GRAND VEHICLES (P) LTD.,UTTAR PRADESH
,,III,NW05,CENTRAL 2,,MEERUT,<PERSON>,GRAND VEHICLES (P) LTD.,UTTAR PRADESH
,,III,N311,CENTRAL 2,,BAREILLY,KESH,<PERSON> AUTOMOBILES PV,UTTAR PRADESH
,,III,NN28,CENTRAL 2,,MORADABAD,KESH,<PERSON> AUTOMOBILES PV,UTTAR PRADESH
,,nan,D305,CENTRAL 2,,MUZAFFARNAGAR,NALP,NAMAHA AUTO LLP,UTTAR PRADESH
,,III,D305,CENTRAL 2,,SAHARANPUR,NALP,NAMAHA AUTO LLP,UTTAR PRADESH
,,III,DW09,CENTRAL 2,,AGRA,NRLC,NRL CARS PVT LTD,UTTAR PRADESH
,,III,N304,CENTRAL 2,,AGRA,NRLC,NRL CARS PVT LTD,UTTAR PRADESH
,,III,N304,CENTRAL 2,,MATHURA,NRLC,NRL CARS PVT LTD,UTTAR PRADESH
,,III,NN20,CENTRAL 2,,ALIGARH,NRLC,NRL CARS PVT LTD,UTTAR PRADESH
,,III,NN29,NORTH 2,,ETAWAH,NRLC,NRL CARS PVT LTD,UTTAR PRADESH
,,nan,NN30,NORTH 2,,MATHURA,NRLC,NRL CARS PVT LTD,UTTAR PRADESH
,,III,N313,CENTRAL 2,,<PERSON>,PUNE,PUNEET CARS SALES PVT LTD,UTTAR PRADESH
,,III,NN25,NORTH 2,,<PERSON>,PUNE,PUNEET CARS SALES PVT LTD,UTTAR PRADESH
,,III,NN26,NORTH 2,,AZAMGARH,PUNE,PUNEET CARS SALES PVT LTD,UTTAR PRADESH
,,nan,WS12,CENTRAL 2,,VARANASI,PUNE,PUNEET CARS SALES PVT LTD,UTTAR PRADESH
,,III,WW11,CENTRAL 2,,VARANASI,PUNE,PUNEET CARS SALES PVT LTD,UTTAR PRADESH
,,III,N318,CENTRAL 2,,JHANSI,SOCM,SOCMO CARS PVT. LTD.,UTTAR PRADESH
,,III,N318,CENTRAL 2,,JHANSI,SOCM,SOCMO CARS PVT. LTD.,UTTAR PRADESH
,,nan,NS03,CENTRAL 2,,KANPUR,SOCM,SOCMO CARS PVT. LTD.,UTTAR PRADESH
,,III,NW02,CENTRAL 2,,KANPUR,SOCM,SOCMO CARS PVT. LTD.,UTTAR PRADESH
,,III,NW11,CENTRAL 2,,KANPUR,SOCM,SOCMO CARS PVT. LTD.,UTTAR PRADESH
,,III,NN19,CENTRAL 2,,ROORKEE,<PERSON>,GRAND VEHICLES (P) LTD.,UTTARAKHAND
,,III,N316,CENTRAL 2,,HALDWANI,KESH,<PERSON> AUTOMOBILES PV,UTTARAKHAND
,,III,NN31,CENTRAL 2,,RUDRAPUR,KESH,<PERSON> AUTOMOBILES PV,UTTARAKHAND
,,nan,EE01,EAST 1,,<PERSON>,AHIT,AUTO HITECH PVT LTD,WEST BENGAL
,,III,ES01,EAST 1,,DURGAPUR,AHIT,AUTO HITECH PVT LTD,WEST BENGAL
,,III,ES01,EAST 1,,SILIGURI,AHIT,AUTO HITECH PVT LTD,WEST BENGAL
,,nan,ES01,EAST 1,,<PERSON>,AHIT,AUTO HITECH PVT LTD,WEST BENGAL
,,I,EW01,EAST 1,,<PERSON>,AHIT,AUTO HITECH PVT LTD,WEST BENGAL
,,I,E308,EAST 1,,<PERSON>,PRIM,PRIME AUTO CARS LIMITED,WEST BENGAL
,,nan,EN18,EAST 1,,HOWRAH,PRIM,PRIME AUTO CARS LIMITED,WEST BENGAL
,,III,EN18,EAST 1,,HOWRAH,PRIM,PRIME AUTO CARS LIMITED,WEST BENGAL
,,nan,ES05,EAST 1,,<PERSON>,PRIM,PRIME AUTO CARS LIMITED,WEST BENGAL
,,III,E308,EAST 1,,SERAMPORE,PRIM,PRIME AUTO CARS LIMITED,WEST BENGAL
,,III,E305,EAST 1,,SILIGURI,SAPL,SILIGURI AUTO WORKS PVT L,WEST BENGAL
,,nan,ES06,EAST 1,,<PERSON>,SCPL,SAINI COMMERCE PVT LTD,WEST BENGAL
,,I,ES06,EAST 1,,<PERSON>,SCPL,SAINI COMMERCE PVT LTD,WEST BENGAL
,,nan,ES06,EAST 1,,<PERSON>,SCPL,SAINI COMMERCE PVT LTD,WEST BENGAL
,,nan,E311,EAST 1,,ASANSOL,SING,SINGHANIA FUTURE PVT. LTD,WEST BENGAL
,,III,E311,EAST 1,,ASANSOL,SING,SINGHANIA FUTURE PVT. LTD,WEST BENGAL
,,III,ES07,EAST 1,,<PERSON>,SSAP,SUPER SALES AUTOMOBILES PVT LMT,WEST BENGAL
