Branch,Zone,Service_Dealer_Type,Main_Outlet_code,Region_description,Name_1,City,Company_Code,Company_Name,Description
MG01,MG01,,MG01,MG01,DUMMY ORG UNIT,MG01,MG01,MG01,MG01
MG02,MG02,,MG02,MG02,C4C SUPPORT,MG02,MG02,MG02,MG02
S322,SOUTH,III,S322,SOUTH 2,MG LEGACY AUTO PORT BLAIR,SOUTH ANDAMAN,LEAP,LEGACY AUTOMOBILES PVT LT,ANDAMAN & NICOBAR ISLANDS
EX200075,EXPORT,,EX200075,EXPORT,EXPORT - SOUTH AFRICA,EXPORT,EXPORT,EXPORT - SOUTH AFRICA,SOUTH AFRICA
EX200080,EXPORT,,EX200080,EXPORT,EXPORT - BHUTAN,EXPORT,EXPORT,EXPORT - BHUTAN,BHUTAN
EN15,EAST,III,EN15,EAST 2,MG DIMAPUR,DIMAPUR,GMDS,GMDS MOTORS PVT LTD,NAGALAND
EN11,EAST,III,EN11,EAST 1,MG GANGTOK,GANGTOK,SAPL,SILIGURI AUTO WORKS PVT L,SIKKIM
S320,SOUTH,,S320,SOUTH 2,"MG NEON, VISAKHAPATNAM - SALES",VISAKHAPATNAM,NMPL,NEON MOTORS PRIVATE LIMIT,ANDHRA PRADESH
S321,SOUTH,,S321,SOUTH 2,"MG APPLE CARS, VISAKHAPATNAM",VISAKHAPATNAM,ACPL,APPLE CARS PRIVATE LIMITED,ANDHRA PRADESH
S316,SOUTH,III,S316,SOUTH 2,MG TIRUPATI,TIRUPATI,KAML,KESHVIN AUTOMOTORS PVT LT,ANDHRA PRADESH
SN32,SOUTH,III,SN32,SOUTH 2,MG NELLORE,NELLORE,KAML,KESHVIN AUTOMOTORS PVT LT,ANDHRA PRADESH
SN37,SOUTH,III,SN37,SOUTH 2,MG KURNOOL,KURNOOL,KAML,KESHVIN AUTOMOTORS PVT LT,ANDHRA PRADESH
SN38,SOUTH,III,SN38,SOUTH 2,MG ANANTAPUR,ANANTAPUR,KAML,KESHVIN AUTOMOTORS PVT LT,ANDHRA PRADESH
SN39,SOUTH,II,SN39,SOUTH 2,MG KADAPA,KADAPA,KAML,KESHVIN AUTOMOTORS PVT LT,ANDHRA PRADESH
S303,SOUTH,II,S303,SOUTH 2,MG VIJAYWADA,VIJAYAWADA,SRIJ,JAYALAKSHMI AUTO,ANDHRA PRADESH
SN13,SOUTH,II,SN13,SOUTH 2,MG RAJAHMUNDRY,RAJAHMUNDRY,SRIJ,JAYALAKSHMI AUTO,ANDHRA PRADESH
SN15,SOUTH,III,SN15,SOUTH 2,MG GUNTUR,GUNTUR,SRIJ,JAYALAKSHMI AUTO,ANDHRA PRADESH
SN16,SOUTH,III,SN32,SOUTH 2,MG NELLORE,NELLORE,SRIJ,JAYALAKSHMI AUTO,ANDHRA PRADESH
SN27,SOUTH,III,S303,SOUTH 2,MG TIRUPATI,TIRUPATI,SRIJ,JAYALAKSHMI AUTO,ANDHRA PRADESH
SW15,SOUTH,II,SW15,SOUTH 2,MG VIJAYWADA BODYSHOP SERVICE,VIJAYAWADA,SRIJ,JAYALAKSHMI AUTO,ANDHRA PRADESH
SU10,SOUTH,III,SU10,SOUTH 2,"MG JAYALAKSHMI AUTO, ONGOLE",ONGOLE,SRIJ,JAYALAKSHMI AUTO,ANDHRA PRADESH
SS01,SOUTH,,SS01,SOUTH 2,MG VIZAG,VIZAG,TRIS,TRISTAR AUTO AGENCIES,ANDHRA PRADESH
SW01,SOUTH,III,SW01,SOUTH 2,MG VIZAG SERVICE,VIZAG,TRIS,TRISTAR AUTO AGENCIES,ANDHRA PRADESH
E307,EAST,III,E307,EAST 2,MG NAHARLAGUN,NAHARLAGUN,NIGL,NIGLA MG LLP,ARUNACHAL PRADESH
EU04,EAST,III,E307,EAST 2,MG PASIGHAT,PASIGHAT,NIGL,NIGLA MG LLP,ARUNACHAL PRADESH
E301,EAST,II,E301,EAST 2,MG GUWAHATI,GUWAHATI,URBA,URBAN WORLD MOTOR PVT LTD,ASSAM
EN16,EAST,,EN16,EAST 2,MG SILCHAR,SILCHAR,GMDS,GMDS MOTORS PVT LTD,ASSAM
EN17,EAST,III,EN17,EAST 2,MG SILCHAR SERVICE,SILCHAR,GMDS,GMDS MOTORS PVT LTD,ASSAM
E310,EAST,III,E310,EAST 2,MG NAGAON,NAGAON,GMDS,GMDS MOTORS PVT LTD,ASSAM
EU03,EAST,III,E310,EAST 2,MG TEZPUR,TEZPUR,GMDS,GMDS MOTORS PVT LTD,ASSAM
EN12,EAST,III,EN12,EAST 2,MG DIBRUGARH,DIBRUGARH,KARI,KARINI VENTURES PVT LTD,ASSAM
ES04,EAST,,ES04,EAST 2,MG GUWAHATI,GUWAHATI,KARI,KARINI VENTURES PVT LTD,ASSAM
EW04,EAST,II,EW04,EAST 2,MG GUWAHATI,GUWAHATI,KARI,KARINI VENTURES PVT LTD,ASSAM
EN14,EAST,III,EN14,EAST 2,MG MUZAFFARPUR,MUZAFFARPUR,ASHI,ASHIANA FABICON PVT LTD,BIHAR
ES03,EAST,,ES03,EAST 2,MG PATNA,PATNA,ASHI,ASHIANA FABICON PVT LTD,BIHAR
EW03,EAST,II,EW03,EAST 2,MG PATNA SERVICE,PATNA,ASHI,ASHIANA FABICON PVT LTD,BIHAR
EW05,EAST,II,EW05,EAST 2,MG PATNA BODYSHOP,PATNA,ASHI,ASHIANA FABICON PVT LTD,BIHAR
EX06,EAST,,ES03,EAST 1,MG PATNA ANISABAD,PATNA,ASHI,ASHIANA FABICON PVT LTD,BIHAR
ES09,EAST,,ES09,EAST 2,MG PATNA SAGUNA ROAD,PATNA,IAPP,IMPERIAL AUTO PLANET PVT,BIHAR
EU08,EAST,III,ES09,EAST 2,MG SIWAN,SIWAN,IAPP,IMPERIAL AUTO PLANET PVT,BIHAR
EW11,EAST,II,ES09,EAST 2,MG PATNA SAGUNA RD WORKSHOP,PATNA,IAPP,IMPERIAL AUTO PLANET PVT,BIHAR
E309,EAST,III,E309,EAST 2,MG PURNEA,PURNIA,MVLP,MAHAKALI VENTURE LLP,BIHAR
EU01,EAST,III,E309,EAST 2,MG BHAGALPUR,BHAGALPUR,MVLP,MAHAKALI VENTURE LLP,BIHAR
W303,EAST,II,W303,EAST 1,MG RAIPUR,RAIPUR,SHIV,SHIVAYAA CARS PVT LTD,CHHATTISGARH
WN08,EAST,III,WN08,EAST 1,MG BILASPUR,BILASPUR,SHIV,SHIVAYAA CARS PVT LTD,CHHATTISGARH
WN09,EAST,III,WN08,EAST 1,MG AMBIKAPUR,AMBIKAPUR,SHIV,SHIVAYAA CARS PVT LTD,CHHATTISGARH
WN33,EAST,,WN33,EAST 1,MG AMBIKAPUR,AMBIKAPUR,SHIV,SHIVAYAA CARS PVT LTD,CHHATTISGARH
EU06,EAST,III,W303,EAST 1,MG JAGDALPUR,JAGDALPUR,SHIV,SHIVAYAA CARS PVT LTD,CHHATTISGARH
EX05,EAST,III,W303,EAST 1,MG BHILAI- SALES,BHILAI,SHIV,SHIVAYAA CARS PVT LTD,CHHATTISGARH
DE04,CENTRAL,,DE04,CENTRAL 1,MG PATPARGANJ,NEW DELHI,CRYS,CRYSTAL AUTOCARS PVT LTD.,DELHI
DS09,CENTRAL,,DS09,CENTRAL 1,MG DELHI CENTRAL,NEW DELHI,LMPL,LEGACY MOTOR PVT. LTD,DELHI
DW16,CENTRAL,I+,DS09,CENTRAL 1,MG DELHI CENTRAL SERVICE,NEW DELHI,LMPL,LEGACY MOTOR PVT. LTD,DELHI
DE03,CENTRAL,,DE03,CENTRAL 1,MG DELHI WEST ROHINI,NEW DELHI,MGCP,MG CARS PRIVATE LIMITED,DELHI
DS03,CENTRAL,,DS03,CENTRAL 1,MG DELHI WEST SHIVAJI MARG,NEW DELHI,MGCP,MG CARS PRIVATE LIMITED,DELHI
DS07,CENTRAL,,DS07,CENTRAL 1,MG DELHI WEST DWARKA,NEW DELHI,MGCP,MG CARS PRIVATE LIMITED,DELHI
DW03,CENTRAL,I+,DW03,CENTRAL 1,MG DELHI  WEST SERVICE,NEW DELHI,MGCP,MG CARS PRIVATE LIMITED,DELHI
DW05,CENTRAL,I+,DW05,CENTRAL 1,MG DELHI NORTH SERVICE,NEW DELHI,MGCP,MG CARS PRIVATE LIMITED,DELHI
DW11,CENTRAL,I+,DW11,CENTRAL 1,MG DELHI WEST BODYSHOP,NEW DELHI,MGCP,MG CARS PRIVATE LIMITED,DELHI
DE02,CENTRAL,,DE02,CENTRAL 1,MG LAJPAT NAGAR,NEW DELHI,PAHW,SAI SHREEJA CARS PVT LTD.,DELHI
DN03,CENTRAL,I+,DN03,CENTRAL 1,MG DWARKA,DWARKA,PAHW,SAI SHREEJA CARS PVT LTD.,DELHI
DN04,CENTRAL,III,DN04,CENTRAL 1,MG DWARKA,DWARKA,PAHW,SAI SHREEJA CARS PVT LTD.,DELHI
DS02,CENTRAL,,DS02,CENTRAL 1,MG DELHI SOUTH SAFDURJUNG,NEW DELHI,PAHW,SAI SHREEJA CARS PVT LTD.,DELHI
DS06,CENTRAL,,DS06,CENTRAL 1,MG DELHI SOUTH MCIE,NEW DELHI,PAHW,SAI SHREEJA CARS PVT LTD.,DELHI
DW02,CENTRAL,I+,DW02,CENTRAL 1,MG DELHI SOUTH SERVICE,NEW DELHI,PAHW,SAI SHREEJA CARS PVT LTD.,DELHI
DW04,CENTRAL,I+,DE02,CENTRAL 1,MG DELHI SOUTH BODYSHOP,NEW DELHI,PAHW,SAI SHREEJA CARS PVT LTD.,DELHI
DW14,CENTRAL,I+,DW14,CENTRAL 1,MG DELHI SOUTH SERVICE OKHLA,NEW DELHI,PAHW,SAI SHREEJA CARS PVT LTD.,DELHI
WS20,WEST,,WS20,WEST 1,MG GOA,GOA,AERO,AEROMARK CARS PVT LTD,GOA
WW23,WEST,II,WW23,WEST 1,MG GOA SERVICE,GOA,AERO,AEROMARK CARS PVT LTD,GOA
WN19,WEST,II,WS04,WEST 1,MG MARGAO,MUDGAON,PRIO,PRIORITY AUTO LINCS,GOA
WS04,WEST,,WS04,WEST 1,MG GOA,GOA,PRIO,PRIORITY AUTO LINCS,GOA
WW04,WEST,II,WW04,WEST 1,MG GOA SERVICE,GOA,PRIO,PRIORITY AUTO LINCS,GOA
W316,WEST,I,W316,WEST 2,MG AHMEDABAD NORTH,AHMEDABAD,AERO,AEROMARK CARS PVT LTD,GUJARAT
WS21,WEST,,WS21,WEST 2,MG AHMEDABAD VASTRAL,AHMEDABAD,AERO,AEROMARK CARS PVT LTD,GUJARAT
WE03,WEST,,WE03,WEST 2,MG AHMEDABAD NARODA,AHMEDABAD,CONC,CONCEPT MOTOR GARAGE,GUJARAT
WN01,WEST,III,WN01,WEST 2,MG MEHSANA,MEHSANA,CONC,CONCEPT MOTOR GARAGE,GUJARAT
WN15,WEST,II,WS14,WEST 2,MG GANDHINAGAR,GANDHINAGAR,CONC,CONCEPT MOTOR GARAGE,GUJARAT
WN32,WEST,III,WN32,WEST 2,MG HIMMATNAGAR,HIMMATNAGAR,CONC,CONCEPT MOTOR GARAGE,GUJARAT
WS07,WEST,,WS07,WEST 2,MG AHMEDABAD SG HIGHWAY,AHMEDABAD,CONC,CONCEPT MOTOR GARAGE,GUJARAT
WS14,WEST,,WS14,WEST 2,MG GANDHINAGAR,GANDHINAGAR,CONC,CONCEPT MOTOR GARAGE,GUJARAT
WS16,WEST,,WS16,WEST 2,MG AMBAWADI,AHMEDABAD,CONC,CONCEPT MOTOR GARAGE,GUJARAT
WW07,WEST,I,WW07,WEST 2,MG AHMEDABAD SERVICE,AHMEDABAD,CONC,CONCEPT MOTOR GARAGE,GUJARAT
WW17,WEST,I,WW17,WEST 2,MG GOTA,AHMEDABAD,CONC,CONCEPT MOTOR GARAGE,GUJARAT
WN02,WEST,III,WN02,WEST 2,MG GANDHIDHAM,GANDHIDHAM,JAIG,JAI GANESH AUTOCARS,GUJARAT
WN17,WEST,III,WN17,WEST 2,MG JAMNAGAR,JAMNAGAR,JAIG,JAI GANESH AUTOCARS,GUJARAT
WN18,WEST,III,WS10,WEST 2,MG BHAVNAGAR,BHAVNAGAR,JAIG,JAI GANESH AUTOCARS,GUJARAT
WS10,WEST,,WS10,WEST 2,MG RAJKOT,RAJKOT,JAIG,JAI GANESH AUTOCARS,GUJARAT
WW09,WEST,II,WW09,WEST 2,MG RAJKOT SERVICE,RAJKOT,JAIG,JAI GANESH AUTOCARS,GUJARAT
WU05,WEST,III,WS10,WEST 2,"MG JAI GANESH, BHUJ",BHUJ,JAIG,JAI GANESH AUTOCARS,GUJARAT
WU06,WEST,III,WS10,WEST 2,"MG JAI GANESH, MORBI",MORBI,JAIG,JAI GANESH AUTOCARS,GUJARAT
WN16,WEST,III,WN16,WEST 2,MG ANAND,ANAND,KAYA,KAYAKALP CARS PVT. LTD,GUJARAT
WS03,WEST,,WS03,WEST 2,MG VADODARA,VADODARA,KAYA,KAYAKALP CARS PVT. LTD,GUJARAT
WW03,WEST,II,WW03,WEST 2,MG VADODARA SERVICE,VADODARA,KAYA,KAYAKALP CARS PVT. LTD,GUJARAT
WW18,WEST,II,WW18,WEST 2,MG VADODARA BODYSHOP,VADODARA,KAYA,KAYAKALP CARS PVT. LTD,GUJARAT
WN03,WEST,III,WN03,WEST 2,MG BHARUCH,BHARUCH,NANA,NANAVATI AUTOSQUARE,GUJARAT
WN11,WEST,III,WN11,WEST 2,MG VAPI,VAPI,NANA,NANAVATI AUTOSQUARE,GUJARAT
WS02,WEST,,WS02,WEST 2,MG SURAT,SURAT,NANA,NANAVATI AUTOSQUARE,GUJARAT
WW02,WEST,II,WW02,WEST 2,MG SURAT SERVICE,SURAT,NANA,NANAVATI AUTOSQUARE,GUJARAT
WW21,WEST,II,WW21,WEST 2,MG SURAT BODYSHOP,SURAT,NANA,NANAVATI AUTOSQUARE,GUJARAT
W319,WEST,I,WS02,WEST 2,"MG NANAVATI AUTO, SURAT ADAJAN",SURAT,NANA,NANAVATI AUTOSQUARE,GUJARAT
W317,WEST,,W317,WEST 2,MG PALANPUR,PALANPUR,RIYA,RIYA AUTOTORQUE PRIVATE LTD,GUJARAT
WU01,WEST,,W317,WEST 2,MG PATAN SALES,PATAN,RIYA,RIYA AUTOTORQUE PRIVATE LTD,GUJARAT
WU02,WEST,III,WU02,WEST 2,MG PATAN SERVICE,PATAN,RIYA,RIYA AUTOTORQUE PRIVATE LTD,GUJARAT
W318,WEST,III,W318,WEST 2,MG SALES & SERVICE RIYA AUTO M,MEHSANA,RIYA,RIYA AUTOTORQUE PRIVATE LTD,GUJARAT
WU03,WEST,,WU03,WEST 2,MG SALES RIYA AUTO VISNAGAR,VISNAGAR,RIYA,RIYA AUTOTORQUE PRIVATE LTD,GUJARAT
WS25,WEST,,WS25,WEST 2,"MG TECHAPOLLO, VADODARA CHHANI",VADODARA,TACL,TECHAPOLLO CARS LLP,GUJARAT
WW26,WEST,I,WW26,WEST 2,"MG TECHAPOLLO, VADODARA CHHANI",VADODARA,TACL,TECHAPOLLO CARS LLP,GUJARAT
WU04,WEST,III,WS25,WEST 2,"MG TECHAPOLLO, GODHRA",GODHRA,TACL,"MG TECHAPOLLO, GODHRA",GUJARAT
N324,NORTH,III,N324,NORTH 2,MG  KAITHAL,KAITHAL,LRMP,LEKH RAJ MOTORS PRIVATE LTD,HARYANA
DS10,CENTRAL,,DS10,CENTRAL 1,MG REWARI,REWARI,HVAW,HARSH VARDHAN AUTO WHEELS LLP,HARYANA
BL02,DIRECT SALES,,BL02,DIRECT SALES,BLU-SMART PREMIUM FLEET PVT LTD,GURUGRAM,BL02,BLU-SMART PREMIUM FLEET PVT LTD,HARYANA
N329,NORTH,III,N329,NORTH 2,MG AMBALA,AMBALA,JSBM,JSB MOBILITY PVT LTD,HARYANA
D301,CENTRAL,I+,D301,CENTRAL 1,MG FARIDABAD,FARIDABAD,CARD,CARGO MOTORS PVT. LTD,HARYANA
DE01,CENTRAL,,DE01,CENTRAL 1,MG GURGAON CENTRAL,GURUGRAM,CARD,CARGO MOTORS PVT. LTD,HARYANA
DN01,CENTRAL,III,DS01,CENTRAL 1,MG REWARI,REWARI,CARD,CARGO MOTORS PVT. LTD,HARYANA
DS01,CENTRAL,,DS01,CENTRAL 1,MG GURGAON FLAGSHIP SHOWROOM,GURUGRAM,CARD,CARGO MOTORS PVT. LTD,HARYANA
DW01,CENTRAL,I+,DW01,CENTRAL 1,MG GURGAON SERVICE,GURUGRAM,CARD,SAINI COMMERCE PVT LTD,HARYANA
DW07,CENTRAL,I+,DW07,CENTRAL 1,MG FARIDABAD BODYSHOP,FARIDABAD,CARD,CARGO MOTORS PVT. LTD,HARYANA
DW10,CENTRAL,I+,DW10,CENTRAL 1,MG GURGAON CENTRAL WORKSHOP,GURUGRAM,CARD,CARGO MOTORS PVT. LTD,HARYANA
DW19,CENTRAL,I+,DS01,CENTRAL 1,MG GURGAON UDYOG VIHAR SERVICE,GURUGRAM,CARD,CARGO MOTORS PVT. LTD,HARYANA
DW17,CENTRAL,III,DS10,CENTRAL 1,MG REWARI SERVICE,REWARI,CRYS,CRYSTAL AUTOCARS PVT LTD.,HARYANA
N312,NORTH,III,N312,NORTH 2,MG HISAR,HISAR,GITA,GITANSH MOTORS PVT LTD,HARYANA
N315,NORTH,III,N315,NORTH 2,MG AMBALA,AMBALA,GITA,GITANSH MOTORS PVT LTD,HARYANA
NX03,NORTH,,NS01,NORTH 1,MG PANCHKULA,PANCHKULA,KRIS,KRISHNA MOTOR GARAGE,HARYANA
NS10,NORTH,,NS10,NORTH 2,MG ROHTAK,ROHTAK,LAPL,LOHCHAB AUTOCAR PVT. LTD,HARYANA
NW08,NORTH,III,NW08,NORTH 2,MG ROHTAK SERVICE,ROHTAK,LAPL,LOHCHAB AUTOCAR PVT. LTD,HARYANA
NX02,NORTH,,NS10,NORTH 2,MG BAHADURGARH,BAHADURGARH,LAPL,LOHCHAB AUTOCAR PVT. LTD,HARYANA
D303,CENTRAL,III,D303,CENTRAL 1,MG SONIPAT,SONIPAT,MGCP,MG CARS PRIVATE LIMITED,HARYANA
DS04,CENTRAL,,DS04,CENTRAL 1,MG SONIPAT,SONIPAT,MGCP,MG CARS PRIVATE LIMITED,HARYANA
DW06,CENTRAL,III,DW06,CENTRAL 1,MG SONIPAT SERVICE,SONIPAT,MGCP,MG CARS PRIVATE LIMITED,HARYANA
NN08,CENTRAL,III,DS03,CENTRAL 1,MG ROHTAK,ROHTAK,MGCP,MG CARS PRIVATE LIMITED,HARYANA
NN09,CENTRAL,III,D303,CENTRAL 1,MG SONIPAT,SONIPAT,MGCP,MG CARS PRIVATE LIMITED,HARYANA
DS11,CENTRAL,,DS11,CENTRAL 1,MG GURGAON SOUTH,GURUGRAM,MGCP,MG CARS PRIVATE LIMITED,HARYANA
DW18,CENTRAL,I+,DW18,CENTRAL 1,MG GURGAON SOUTH SERVICE,GURUGRAM,MGCP,MG CARS PRIVATE LIMITED,HARYANA
N305,NORTH,III,N305,NORTH 2,MG KARNAL,KARNAL,RAHU,RAHUL GARAGES LLP,HARYANA
NN10,NORTH,III,NN10,NORTH 2,MG YAMUNA NAGAR,YAMUNANAGAR,RAHU,RAHUL GARAGES LLP,HARYANA
NN11,NORTH,III,N305,NORTH 2,MG PANIPAT,PANIPAT,RAHU,RAHUL GARAGES LLP,HARYANA
NN18,NORTH,III,N305,NORTH 2,MG AMBALA,AMBALA,RAHU,RAHUL GARAGES LLP,HARYANA
NS09,NORTH,,NS09,NORTH 2,MG PANIPAT,PANIPAT,RAHU,RAHUL GARAGES LLP,HARYANA
NW07,NORTH,III,NW07,NORTH 2,MG PANIPAT SERVICE,PANIPAT,RAHU,RAHUL GARAGES LLP,HARYANA
N322,NORTH,,N322,NORTH 2,MG SIRSA,SIRSA,RCPL,RITU CARS PRIVATE LTD,HARYANA
NU02,NORTH,II,N322,NORTH 2,MG BHIWANI,BHIWANI,RCPL,RITU CARS PRIVATE LTD,HARYANA
N327,NORTH,III,N327,NORTH 2,MG HISAR,HISAR,RCPL,RITU CARS PRIVATE LTD,HARYANA
N328,NORTH,III,N328,NORTH 1,MG KANGRA,KANGRA,MAPL,MAHARAJA AUTOZONE PVT LTD,HIMACHAL PRADESH
N314,NORTH,III,N314,NORTH 1,MG MANDI,MANDI,KRIS,KRISHNA MOTOR GARAGE,HIMACHAL PRADESH
N323,NORTH,III,N323,NORTH 1,MG SOLAN,SOLAN,LOMP,LONGWALL MOTORS PVT LTD,HIMACHAL PRADESH
NU01,NORTH,III,N323,NORTH 1,MG SHIMLA,SHIMLA,LOMP,LONGWALL MOTORS PVT LTD,HIMACHAL PRADESH
N326,NORTH,III,N326,NORTH 1,MG SRINAGAR,SRINAGAR,ARGA,ARG AUTOMOBILES PVT LTD,JAMMU AND KASHMIR
NW17,NORTH,III,NW17,NORTH 1,MG SRINAGAR WORKSHOP,SRINAGAR,KYAP,KY AUTOWHEELS PVT LTD,JAMMU AND KASHMIR
NW14,NORTH,II,NW14,NORTH 1,MG JAMMU AMGA,JAMMU,AMGA,AMG AUTOCRAFT PVT LTD,JAMMU AND KASHMIR
NU05,NORTH,III,NW14,NORTH 1,MG KATHUA,KATHUA,AMGA,AMG AUTOCRAFT PVT LTD,JAMMU AND KASHMIR
NN32,NORTH,III,NN32,NORTH 1,MG ANANTNAG,ANANTNAG,ARIS,ARISE AUTOZ PVT LTD,JAMMU AND KASHMIR
NS04,NORTH,,NS04,NORTH 1,MG JAMMU,JAMMU,ARIS,ARISE AUTOZ PVT LTD,JAMMU AND KASHMIR
NS05,NORTH,III,NS05,NORTH 1,MG SRINAGAR,SRINAGAR,ARIS,ARISE AUTOZ PVT LTD,JAMMU AND KASHMIR
NW03,NORTH,II,NW03,NORTH 1,MG JAMMU SERVICE,JAMMU,ARIS,ARISE AUTOZ PVT LTD,JAMMU AND KASHMIR
NW04,NORTH,II,NS05,NORTH 1,MG SRINAGAR,SRINAGAR,ARIS,ARISE AUTOZ PVT LTD,JAMMU AND KASHMIR
E303,EAST,III,E303,EAST 2,MG JAMSHEDPUR,JAMSHEDPUR,SING,SINGHANIA FUTURE PVT. LTD,JHARKHAND
E304,EAST,III,E304,EAST 2,MG DHANBAD,DHANBAD,SING,SINGHANIA FUTURE PVT. LTD,JHARKHAND
EE02,EAST,,EE02,EAST 2,MG DHANBAD DHANSAR CHOWK,DHANBAD,SING,SINGHANIA FUTURE PVT. LTD,JHARKHAND
EN01,EAST,III,ES02,EAST 2,MG DHANBAD,DHANBAD,SING,SINGHANIA FUTURE PVT. LTD,JHARKHAND
EN08,EAST,III,EN08,EAST 2,MG JAMSHEDPUR,JAMSHEDPUR,SING,SINGHANIA FUTURE PVT. LTD,JHARKHAND
EN09,EAST,III,E304,EAST 1,MG DEOGHAR,DEOGHAR,SING,SINGHANIA FUTURE PVT. LTD,JHARKHAND
EN10,EAST,III,ES02,EAST 1,MG HAZARIBAGH,HAZARIBAGH,SING,SINGHANIA FUTURE PVT. LTD,JHARKHAND
ES02,EAST,,ES02,EAST 2,MG RANCHI,RANCHI,SING,SINGHANIA FUTURE PVT. LTD,JHARKHAND
EW02,EAST,II,EW02,EAST 2,MG RANCHI SERVICE,RANCHI,SING,SINGHANIA FUTURE PVT. LTD,JHARKHAND
EX02,EAST,,ES02,EAST 2,MG RANCHI EXPERIA,RANCHI,SING,SINGHANIA FUTURE PVT. LTD,JHARKHAND
EU05,EAST,III,E304,EAST 2,MG DEOGHAR,DEOGHAR,SING,SINGHANIA FUTURE PVT. LTD,JHARKHAND
EU09,EAST,,ES02,EAST 2,MG DALTONGANJ,DALTONGANJ,SING,SINGHANIA FUTURE PVT. LTD,JHARKHAND
S318,SOUTH,III,S318,SOUTH 1,"MG JOSHI CARS, VIJAYPUR",VIJAYAPURA,JCPL,JOSHI CARS PVT LTD,KARNATAKA
BL01,DIRECT SALES,,BL01,DIRECT SALES,BLU-SMART PREMIUM FLEET PVT LTD,BENGALURU,BL01,BLU-SMART PREMIUM FLEET PVT LTD,KARNATAKA
SS24,SOUTH,,SS24,SOUTH 1,MG BENGALURU MAGADI ROAD,BENGALURU,ARTH,KSIRI MOBILITY SOLUTIONS PRIVATE LIMITED,KARNATAKA
SW19,SOUTH,,SW19,SOUTH 1,MG BANGALORE PEENYA SERVICE,BENGALURU,ARTH,KSIRI MOBILITY SOLUTIONS PRIVATE LIMITED,KARNATAKA
S311,SOUTH,III,S311,SOUTH 1,MG HUBLI,HUBLI,BELL,BELLAD AND COMPANY PVT LTD,KARNATAKA
SN28,SOUTH,III,SN28,SOUTH 1,MG BELGAUM,BELGAUM,BELL,BELLAD AND COMPANY PVT LTD,KARNATAKA
SN31,SOUTH,III,SN31,SOUTH 1,MG GULBARGA,GULBARGA,BELL,BELLAD AND COMPANY PVT LTD,KARNATAKA
SU09,SOUTH,III,S311,SOUTH 1,"MG BELLAD, HOSPET SALES & SERV",HOSPET,BELL,BELLAD AND COMPANY PVT LTD,KARNATAKA
SS12,SOUTH,,SS12,SOUTH 1,MG SHIMOGA,SHIMOGA,CMPL,CAUVERY MOTORS PRIVATE LTD,KARNATAKA
SW11,SOUTH,III,SW11,SOUTH 1,MG SHIMOGA SERVICE,SHIMOGA,CMPL,CAUVERY MOTORS PRIVATE LTD,KARNATAKA
SU03,SOUTH,,SU03,SOUTH 1,"MG CAUVERY MOTORS, DAVANAGERE",DAVANAGERE,CMPL,CAUVERY MOTORS PRIVATE LTD,KARNATAKA
S304,SOUTH,III,S304,SOUTH 1,MG MYSORE,MYSORE,DYUT,DYUTHI AUTOMOBILES,KARNATAKA
SN09,SOUTH,III,SN09,SOUTH 1,MG HASAN,HASSAN,DYUT,DYUTHI AUTOMOBILES,KARNATAKA
S312,SOUTH,III,S312,SOUTH 1,MG MANGALORE,MANGALORE,JUBM,JUBILANT MOTORWORKS PRIVATE LIMITED,KARNATAKA
SE01,SOUTH,,SE01,SOUTH 1,MG BANGALORE CHORD ROAD,BENGALURU,JUBM,JUBILANT MOTORWORKS PRIVATE LIMITED,KARNATAKA
SE02,SOUTH,,SE02,SOUTH 1,MG BANGALORE ORR,BENGALURU,JUBM,JUBILANT MOTORWORKS PRIVATE LIMITED,KARNATAKA
SE03,SOUTH,,SE03,SOUTH 1,MG BANGALORE JP NAGAR,BENGALURU,JUBM,JUBILANT MOTORWORKS PRIVATE LIMITED,KARNATAKA
SN02,SOUTH,III,SS02,SOUTH 1,MG TUMKUR,TUMKUR,JUBM,JUBILANT MOTORWORKS PRIVATE LIMITED,KARNATAKA
SN10,SOUTH,III,SN10,SOUTH 1,MG MANGALORE,MANGALORE,JUBM,JUBILANT MOTORWORKS PRIVATE LIMITED,KARNATAKA
SN22,SOUTH,I+,SS03,SOUTH 1,MG MYSORE ROAD,BENGALURU,JUBM,JUBILANT MOTORWORKS PRIVATE LIMITED,KARNATAKA
SN30,SOUTH,III,SN30,SOUTH 1,MG UDUPI,UDUPI,JUBM,JUBILANT MOTORWORKS PRIVATE LIMITED,KARNATAKA
SS02,SOUTH,,SS02,SOUTH 1,MG BANGALORE KALYAN NAGAR,BENGALURU,JUBM,JUBILANT MOTORWORKS PRIVATE LIMITED,KARNATAKA
SS03,SOUTH,,SS03,SOUTH 1,MG BANGALORE ELECTRONIC CITY,BENGALURU,JUBM,JUBILANT MOTORWORKS PRIVATE LIMITED,KARNATAKA
SS07,SOUTH,,SS07,SOUTH 1,MG DIGITAL STUDIO,BENGALURU,JUBM,JUBILANT MOTORWORKS PRIVATE LIMITED,KARNATAKA
SS11,SOUTH,,SS11,SOUTH 1,MG BANGALORE CENTRAL,BENGALURU,JUBM,JUBILANT MOTORWORKS PRIVATE LIMITED,KARNATAKA
SS17,SOUTH,I+,SS17,SOUTH 1,MG MYSORE ROAD,BENGALURU,JUBM,JUBILANT MOTORWORKS PRIVATE LIMITED,KARNATAKA
SW02,SOUTH,I+,SW02,SOUTH 1,MG BANGALORE NORTH SERVICE,BENGALURU,JUBM,JUBILANT MOTORWORKS PRIVATE LIMITED,KARNATAKA
SW03,SOUTH,I+,SW03,SOUTH 1,MG BANGALORE EC SERVICE,BENGALURU,JUBM,JUBILANT MOTORWORKS PRIVATE LIMITED,KARNATAKA
SW08,SOUTH,I+,SW08,SOUTH 1,MG MAHADEVPURA SERVICE,BENGALURU,JUBM,JUBILANT MOTORWORKS PRIVATE LIMITED,KARNATAKA
SW14,SOUTH,I+,SW14,SOUTH 1,MG MYSORE ROAD SERVICE,BENGALURU,JUBM,JUBILANT MOTORWORKS PRIVATE LIMITED,KARNATAKA
SW22,SOUTH,,SW22,SOUTH 1,MG JUBILANT MOTOR- BODYSHOP,BENGALURU,JUBM,JUBILANT MOTORWORKS PRIVATE LIMITED,KARNATAKA
SU05,SOUTH,,SU05,SOUTH 1,MG TUMKUR,TUMKUR,JUBM,JUBILANT MOTORWORKS PRIVATE LIMITED,KARNATAKA
SN19,SOUTH,III,SS04,SOUTH 2,MG GULBARGA,GULBARGA,RAAM,RAAM4WHEELERS LLP,KARNATAKA
S306,SOUTH,II,S306,SOUTH 1,MG COCHIN,COCHIN,COAS,COASTLINE GARAGES INDIA,KERALA
S308,SOUTH,III,S308,SOUTH 1,MG THRISSUR,THRISSUR,COAS,COASTLINE GARAGES INDIA,KERALA
S313,SOUTH,III,S313,SOUTH 1,MG KOTTAYAM,KOTTAYAM,COAS,COASTLINE GARAGES INDIA,KERALA
SN01,SOUTH,III,S306,SOUTH 1,MG ALAPPUZHA,ALAPPUZHA,COAS,COASTLINE GARAGES INDIA,KERALA
SN04,SOUTH,III,S306,SOUTH 1,MG MUVATTUPUZHA,MUVATTUPUZHA,COAS,COASTLINE GARAGES INDIA,KERALA
SN05,SOUTH,III,SS10,SOUTH 1,MG PALAKKAD,PALAKKAD,COAS,COASTLINE GARAGES INDIA,KERALA
SN07,SOUTH,III,SN07,SOUTH 1,MG MALAPPURAM,MALAPPURAM,COAS,COASTLINE GARAGES INDIA,KERALA
SN11,SOUTH,III,SN11,SOUTH 1,MG KOTTAYAM,KOTTAYAM,COAS,COASTLINE GARAGES INDIA,KERALA
SS06,SOUTH,,SS06,SOUTH 1,MG CALICUT,CALICUT,COAS,COASTLINE GARAGES INDIA,KERALA
SS10,SOUTH,,SS10,SOUTH 1,MG PALAKKAD,PALAKKAD,COAS,COASTLINE GARAGES INDIA,KERALA
SW06,SOUTH,III,SW06,SOUTH 1,MG CALICUT SERVICE,CALICUT,COAS,COASTLINE GARAGES INDIA,KERALA
SU04,SOUTH,I,S306,SOUTH 2,MG COASTLINE THODUPUZHA - SALE,COCHIN,COAS,MG COASTLINE GARAGES,KERALA
SU02,SOUTH,I,S306,SOUTH 2,"MG COASTLINE GARAGES, ALLEPPEY",COCHIN,COAS,"MG COASTLINE GARAGES, ALLEPPEY",KERALA
S317,SOUTH,III,S317,SOUTH 1,MG KANNUR,KANNUR,FAPL,FORTUNE MALAYALAM AUTOMOB,KERALA
SN35,SOUTH,III,SN35,SOUTH 1,MG KOLLAM,KOLLAM,FAPL,FORTUNE MALAYALAM AUTOMOB,KERALA
SS16,SOUTH,,SS16,SOUTH 1,MG TRIVANDRUM CENTRAL,TRIVANDRUM,FAPL,FORTUNE MALAYALAM AUTOMOB,KERALA
SS21,SOUTH,,SS21,SOUTH 1,MG COCHIN VYTTILA,COCHIN,FAPL,FORTUNE MALAYALAM AUTOMOB,KERALA
SW13,SOUTH,II,SW13,SOUTH 1,MG TRIVANDRUM CENTRAL SERVICE,TRIVANDRUM,FAPL,FORTUNE MALAYALAM AUTOMOB,KERALA
SW18,SOUTH,,SW18,SOUTH 1,MG COCHIN VYTTILA SERVICE,KOCHI,FAPL,FORTUNE MALAYALAM AUTOMOB,KERALA
SU01,SOUTH,,SU01,SOUTH 1,MG THIRUVALLA,THIRUVALLA,FAPL,FORTUNE MALAYALAM AUTOMOB,KERALA
SX01,SOUTH,,SX01,SOUTH 1,MG FAPL TRIVANDRUM EXPERIA,TRIVANDRUM,FAPL,FORTUNE MALAYALAM AUTOMOB,KERALA
S307,SOUTH,II,S307,SOUTH 1,MG TRIVANDRUM,TRIVANDRUM,POWH,POTHEN WHEELS PVT LTD,KERALA
SN08,SOUTH,III,SN08,SOUTH 1,MG PATHNAMITHA,PATHNAMITHA,POWH,POTHEN WHEELS PVT LTD,KERALA
SN14,SOUTH,III,S307,SOUTH 1,MG KOLLAM,KOLLAM,POWH,POTHEN WHEELS PVT LTD,KERALA
SN21,SOUTH,III,SN21,SOUTH 1,MG KOLLAM,KOLLAM,POWH,POTHEN WHEELS PVT LTD,KERALA
SW07,SOUTH,II,SW07,SOUTH 1,MG TRIVANDRUM SERVICE,TRIVANDRUM,POWH,POTHEN WHEELS PVT LTD,KERALA
W313,WEST,,W313,WEST 2,MG SATNA,SATNA,DSAP,DS AUTOMOTIVE PRIVATE LTD,MADHYA PRADESH
W315,WEST,III,W315,WEST 2,MG RATLAM,RATLAM,HCPL,HRIDAY CARS PVT. LTD.,MADHYA PRADESH
W310,WEST,,W310,WEST 2,MG INDORE,INDORE,AERO,AEROMARK CARS PVT LTD,MADHYA PRADESH
W311,WEST,,W311,WEST 2,MG BHOPAL,BHOPAL,AERO,AEROMARK CARS PVT LTD,MADHYA PRADESH
WN35,WEST,,WN35,WEST 2,MG UJJAIN,UJJAIN,AERO,AEROMARK CARS PVT LTD,MADHYA PRADESH
WW19,WEST,II,WW19,WEST 2,MG BHOPAL SERVICE,BHOPAL,AERO,AEROMARK CARS PVT LTD,MADHYA PRADESH
WW20,WEST,II,WW20,WEST 2,MG INDORE SERVICE,INDORE,AERO,AEROMARK CARS PVT LTD,MADHYA PRADESH
WN04,WEST,III,WS08,WEST 2,MG RATLAM,RATLAM,HRID,HRIDAY CARS PVT. LTD,MADHYA PRADESH
WS08,WEST,,WS08,WEST 2,MG INDORE,INDORE,HRID,HRIDAY CARS PVT. LTD,MADHYA PRADESH
WS09,WEST,,WS09,WEST 2,MG BHOPAL,BHOPAL,HRID,HRIDAY CARS PVT. LTD,MADHYA PRADESH
WW08,WEST,II,WW08,WEST 2,MG BHOPAL SERVICE,BHOPAL,HRID,HRIDAY CARS PVT. LTD,MADHYA PRADESH
WW10,WEST,II,WW10,WEST 2,MG INDORE SERVICE,INDORE,HRID,HRIDAY CARS PVT. LTD,MADHYA PRADESH
W306,WEST,III,W306,WEST 2,MG JABALPUR,JABALPUR,KHAT,KHATWANI MOTORS PVT LTD,MADHYA PRADESH
WN23,WEST,III,W306,WEST 2,MG SATNA,SATNA,KHAT,KHATWANI MOTORS PVT LTD,MADHYA PRADESH
WN24,WEST,III,W306,WEST 2,MG CHHATARPUR,CHHATARPUR,KHAT,KHATWANI MOTORS PVT LTD,MADHYA PRADESH
WN25,WEST,III,W306,WEST 2,MG SHAHDOL,SHAHDOL,KHAT,KHATWANI MOTORS PVT LTD,MADHYA PRADESH
WU08,WEST,III,W306,WEST 2,"MG KHATWANI, KATNI",KATNI,KHAT,KHATWANI MOTORS PVT LTD,MADHYA PRADESH
WU09,WEST,III,W306,WEST 2,"MG KHATWANI, DAMOH",DAMOH,KHAT,KHATWANI MOTORS PVT LTD,MADHYA PRADESH
WS17,WEST,III,WS17,WEST 2,MG CHHINDWARA,CHHINDWARA,PAPL,PATODI AUTOMOBILES PVT.LT,MADHYA PRADESH
WW16,WEST,III,WS16,WEST 2,MG CHHINDWARA SERVICE,CHHINDWARA,PAPL,PATODI AUTOMOBILES PVT.LT,MADHYA PRADESH
W307,WEST,III,W307,WEST 2,MG GWALIOR,GWALIOR,SUME,SUMEDHA VEHICLES PVT LTD,MADHYA PRADESH
WN31,WEST,III,W307,WEST 2,MG SHIVPURI,SHIVPURI,SUME,SUMEDHA VEHICLES PVT LTD,MADHYA PRADESH
W309,WEST,III,W309,WEST 1,MG SOLAPUR,SOLAPUR,GANC,GANDHI CARS,MAHARASHTRA
W314,WEST,III,W314,WEST 1,MG JALGAON,JALGAON,SULP,SARASWATI UNICORP LLP,MAHARASHTRA
JS01,DIRECT SALES,,JS01,DIRECT SALES,JSW STEEL LIMITED,MUMBAI,JS01,JSW STEEL LIMITED,MAHARASHTRA
WS24,WEST,,WS24,WEST 1,MG MUMBAI EAST,MUMBAI,AERO,AEROMARK CARS PVT LTD,MAHARASHTRA
WW25,WEST,I+,WW25,WEST 1,MG MUMBAI EAST SERVICE,MUMBAI,AERO,AEROMARK CARS PVT LTD,MAHARASHTRA
W302,WEST,I+,W302,WEST 1,MG MUMBAI WEST,MUMBAI,ARNV,KRISHIV AUTO AGENCIES,MAHARASHTRA
WE04,WEST,,WE04,WEST 1,MG MUMBAI MALAD,MUMBAI,ARNV,KRISHIV AUTO AGENCIES,MAHARASHTRA
WN30,WEST,III,WN30,WEST 1,MG MALAD,MUMBAI,ARNV,KRISHIV AUTO AGENCIES,MAHARASHTRA
WS11,WEST,,WS11,WEST 1,MG MUMBAI SOUTH,MUMBAI,ARNV,KRISHIV AUTO AGENCIES,MAHARASHTRA
WS22,WEST,,WS22,WEST 1,MG VASAI,MUMBAI,ARNV,KRISHIV AUTO AGENCIES,MAHARASHTRA
WW14,WEST,I+,W302,WEST 1,MG SOUTH MUMBAI SERVICE,MUMBAI,ARNV,KRISHIV AUTO AGENCIES,MAHARASHTRA
WW15,WEST,I,W302,WEST 1,MG MALAD SERVICE,MUMBAI,ARNV,KRISHIV AUTO AGENCIES,MAHARASHTRA
W304,WEST,I,W304,WEST 1,MG PUNE WAKAD,PUNE,BUBH,B.U BHANDARI AUTO PVT LTD,MAHARASHTRA
W308,WEST,,W308,WEST 1,MG PUNE CENTRAL,PUNE,BUBH,B.U BHANDARI AUTO PVT LTD,MAHARASHTRA
W312,WEST,I,W312,WEST 1,MG PUNE EAST,PUNE,BUBH,B.U BHANDARI AUTO PVT LTD,MAHARASHTRA
WE01,WEST,,WE01,WEST 1,MG PUNE BUND GARDEN,PUNE,BUBH,B.U BHANDARI AUTO PVT LTD,MAHARASHTRA
WN12,WEST,III,WN12,WEST 1,MG BARAMATI,BARAMATI,BUBH,B.U BHANDARI AUTO PVT LTD,MAHARASHTRA
WN21,WEST,III,WN21,WEST 1,MG LATUR,LATUR,DHOO,DHOOT MOTORS AUTOTECH,MAHARASHTRA
WN29,WEST,III,WN29,WEST 1,MG NANDED,NANDED,DHOO,DHOOT MOTORS AUTOTECH,MAHARASHTRA
WS01,WEST,,WS01,WEST 1,MG AURANGABAD,AURANGABAD,DHOO,DHOOT MOTORS AUTOTECH,MAHARASHTRA
WW01,WEST,III,WW01,WEST 1,MG AURANGABAD SERVICE,AURANGABAD,DHOO,DHOOT MOTORS AUTOTECH,MAHARASHTRA
WN10,WEST,III,WS13,WEST 1,MG SHIRDI,SHIRDI,JITE,JITENDRA WHEELS PVT LTD.,MAHARASHTRA
WN13,WEST,III,WS13,WEST 1,MG JALGAON,JALGAON,JITE,JITENDRA WHEELS PVT LTD.,MAHARASHTRA
WN14,WEST,III,WN14,WEST 1,MG DHULE,DHULE,JITE,JITENDRA WHEELS PVT LTD.,MAHARASHTRA
WN27,WEST,III,WN27,WEST 1,MG AHMEDNAGAR,AHMEDNAGAR,JITE,JITENDRA WHEELS PVT LTD.,MAHARASHTRA
WS13,WEST,,WS13,WEST 1,MG NASHIK,NASHIK,JITE,JITENDRA WHEELS PVT LTD.,MAHARASHTRA
WW12,WEST,II,WW12,WEST 1,MG NASHIK SERVICE,NASHIK,JITE,JITENDRA WHEELS PVT LTD.,MAHARASHTRA
WS23,WEST,,WS23,WEST 1,MG PUNE PCMC,PUNE,JUBM,JUBILANT MOTORWORKS PRIVATE LIMITED,MAHARASHTRA
WW24,WEST,I+,WW24,WEST 1,MG PUNE PCMC SERVICE,PUNE,JUBM,JUBILANT MOTORWORKS PRIVATE LIMITED,MAHARASHTRA
WS26,WEST,,WS26,WEST 1,"MG MODI CARS, PANVEL - SALES",MUMBAI,MODI,CARNEXT AUTO PVT LTD,MAHARASHTRA
WW28,WEST,I+,WW28,WEST 1,"MG CARNEXT, PANVEL, SERVICE",PANVEL,MODI,CARNEXT AUTO PVT LTD,MAHARASHTRA
WU10,WEST,III,WS26,WEST 1,"MG CARNEXT, ALIBAUG, SALES & S",ALIBAUG,MODI,CARNEXT AUTO PVT LTD,MAHARASHTRA
WX01,WEST,,WX01,WEST 1,"MG CARNEXT, MIRA ROAD, SALES",MIRA ROAD,MODI,CARNEXT AUTO PVT LTD,MAHARASHTRA
W305,WEST,II,W305,WEST 1,MG NAGPUR,NAGPUR,NANG,NANGIA CARS PVT LTD,MAHARASHTRA
WN05,WEST,III,WN05,WEST 1,MG AMRAVATI,AMRAVATI,NANG,NANGIA CARS PVT LTD,MAHARASHTRA
WN28,WEST,III,WN28,WEST 1,MG CHANDRAPUR,CHANDRAPUR,NANG,NANGIA CARS PVT LTD,MAHARASHTRA
WE02,WEST,,WE02,WEST 1,MG NAVI MUMBAI,MUMBAI,TEJP,TEJPAL MOTORS PVT LTD,MAHARASHTRA
WN20,WEST,II,WN20,WEST 1,MG NAVI MUMBAI,NAVI MUMBAI,TEJP,TEJPAL MOTORS PVT LTD,MAHARASHTRA
WN26,WEST,I+,WN26,WEST 1,MG NAVI MUMBAI,NAVI MUMBAI,TEJP,TEJPAL MOTORS PVT LTD,MAHARASHTRA
WS06,WEST,,WS06,WEST 1,MG THANE,MUMBAI,TEJP,TEJPAL MOTORS PVT LTD,MAHARASHTRA
WS15,WEST,,WS15,WEST 1,MG CHEMBUR,MUMBAI,TEJP,TEJPAL MOTORS PVT LTD,MAHARASHTRA
WS18,WEST,,WS18,WEST 1,MG DOMBIVALI,MUMBAI,TEJP,TEJPAL MOTORS PVT LTD,MAHARASHTRA
WS19,WEST,,WS19,WEST 1,MG KALYAN,MUMBAI,TEJP,TEJPAL MOTORS PVT LTD,MAHARASHTRA
WW06,WEST,I+,WW06,WEST 1,MG THANE SERVICE,MUMBAI,TEJP,TEJPAL MOTORS PVT LTD,MAHARASHTRA
WW13,WEST,I+,WE02,WEST 1,MG NAVI MUMBAI SERVICE,NAVI MUMBAI,TEJP,TEJPAL MOTORS PVT LTD,MAHARASHTRA
WW22,WEST,I+,WW22,WEST 1,MG NAVI MUMBAI BODYSHOP,NAVI MUMBAI,TEJP,TEJPAL MOTORS PVT LTD,MAHARASHTRA
WN06,WEST,III,WS05,WEST 1,MG SANGLI,SANGLI,UNIQ,UNIQUE AUTOMOBILES,MAHARASHTRA
WN07,WEST,III,WN07,WEST 1,MG SATARA,SATARA,UNIQ,UNIQUE AUTOMOBILES,MAHARASHTRA
WN22,WEST,III,W309,WEST 2,MG SOLAPUR,SOLAPUR,UNIQ,UNIQUE AUTOMOBILES,MAHARASHTRA
WS05,WEST,,WS05,WEST 1,MG KOLHAPUR,KOLHAPUR,UNIQ,UNIQUE AUTOMOBILES,MAHARASHTRA
WW05,WEST,III,WW05,WEST 1,MG KOLHAPUR SERVICE,KOLHAPUR,UNIQ,UNIQUE AUTOMOBILES,MAHARASHTRA
WU07,WEST,,WU07,WEST 1,"MG UNIQUE, SANGLI - SALES",SANGLI,UNIQ,UNIQUE AUTOMOBILES,MAHARASHTRA
E306,EAST,III,E306,EAST 2,MG IMPHAL,IMPHAL,GMDS,GMDS MOTORS PVT LTD,MANIPUR
EW06,EAST,III,EW06,EAST 2,MG IMPHAL BODYSHOP,IMPHAL,GMDS,GMDS MOTORS PVT LTD,MANIPUR
EX01,EXPORT,,EX01,EXPORT,EXPORT - NEPAL,EXPORT,EXPORT,EXPORT - NEPAL,NEPAL
EX200052,EXPORT,,EX200052,EXPORT,EXPORT - NEPAL,EXPORT,EXPORT,EXPORT - NEPAL,NEPAL
EX200060,EXPORT,,EX200060,EXPORT,EXPORT - NEPAL,EXPORT,EXPORT,EXPORT - NEPAL,NEPAL
EX200061,EXPORT,,EX200061,EXPORT,EXPORT - NEPAL,EXPORT,EXPORT,EXPORT - NEPAL,NEPAL
ES08,EAST,,ES08,EAST 1,MG SS STEELLOY,ROURKELA,SSSP,S S STEELLOY PVT LTD,ORISSA
E302,EAST,II,E302,EAST 1,MG BHUBANESWAR,BHUBANESWAR,EMPR,EMPREO WHEELS PVT. LTD,ORISSA
EN04,EAST,III,EN04,EAST 1,MG SAMBALPUR,SAMBALPUR,EMPR,EMPREO WHEELS PVT. LTD,ORISSA
EN05,EAST,III,EN13,EAST 1,MG ANGUL,ANGUL,EMPR,EMPREO WHEELS PVT. LTD,ORISSA
EN06,EAST,III,EN06,EAST 1,MG BALASORE,BALASORE,EMPR,EMPREO WHEELS PVT. LTD,ORISSA
EN07,EAST,III,EN07,EAST 2,MG KEONJHAR,KEONJHAR,EMPR,EMPREO WHEELS PVT. LTD,ORISSA
EN13,EAST,,EN13,EAST 1,MG ANGUL,ANGUL,EMPR,EMPREO WHEELS PVT. LTD,ORISSA
EW08,EAST,II,E302,EAST 1,MG CUTTACK BODYSHOP,CUTTACK,EMPR,EMPREO WHEELS PVT. LTD,ORISSA
EU12,EAST,,EN04,EAST 1,MG ROURKELA,ROURKELA,EMPR,EMPREO WHEELS PVT. LTD,ORISSA
ES07,EAST,,ES07,EAST 1,"MG CENTRAL, KHANDAGIRI-SALES",BHUBANESWAR,SSAP,SUPER SALES AUTOMOBILES PVT LMT,ORISSA
EW10,EAST,I,ES07,EAST 1,MG BHUBANESWAR CENTRAL,BHUBANESWAR,SSAP,SUPER SALES AUTOMOBILES PVT LMT,ORISSA
S315,SOUTH,III,S315,SOUTH 2,MG PUDUCHERRY,ARIYANKUPPAM,FPLA,FPL VEHICLES PVT LTD,PUDUCHERRY
SN25,SOUTH,III,SN25,SOUTH 2,MG PONDICHERRY,PONDICHERRY,FPLA,FPL VEHICLES PVT LTD,PUDUCHERRY
N302,NORTH,III,N302,NORTH 1,MG JALANDHAR,JALANDHAR,CARD,CARGO MOTORS PVT. LTD,PUNJAB
NN05,NORTH,III,NS07,NORTH 1,MG SERVICE SAISUM VKI,AMRITSAR,CARD,CARGO MOTORS PVT. LTD,PUNJAB
NN06,NORTH,III,N302,NORTH 1,MG LUDHIANA FIROZPUR ROAD,NAWANSHAHAR,CARD,CARGO MOTORS PVT. LTD,PUNJAB
NN07,NORTH,III,N302,NORTH 1,MG HOSHIARPUR,HOSHIARPUR,CARD,CARGO MOTORS PVT. LTD,PUNJAB
NS07,NORTH,,NS07,NORTH 1,MG AMRITSAR,AMRITSAR,CARD,CARGO MOTORS PVT. LTD,PUNJAB
NU04,NORTH,III,N302,NORTH 1,MG HOSHIARPUR,HOSHIARPUR,CARD,CARGO MOTORS PVT. LTD,PUNJAB
N301,NORTH,II,N301,NORTH 1,MG LUDHIANA,LUDHIANA,GITA,GITANSH MOTORS PVT LTD,PUNJAB
NN17,NORTH,III,NN17,NORTH 1,MG BHATINDA,BHATINDA,GITA,GITANSH MOTORS PVT LTD,PUNJAB
NX01,NORTH,,N301,NORTH 2,MG LUDHIANA FIROZPUR ROAD,LUDHIANA,GITA,GITANSH MOTORS PVT LTD,PUNJAB
N308,NORTH,II,N308,NORTH 1,MG MOHALI,MOHALI,KRIS,KRISHNA MOTOR GARAGE,PUNJAB
N310,NORTH,III,N310,NORTH 1,MG PATIALA,PATIALA,KRIS,KRISHNA MOTOR GARAGE,PUNJAB
NN23,NORTH,III,NN23,NORTH 1,MG PATIALA,PATIALA,KRIS,KRISHNA MOTOR GARAGE,PUNJAB
NS01,NORTH,,NS01,NORTH 1,MG CHANDIGARH TRICITY,CHANDIGARH,KRIS,KRISHNA MOTOR GARAGE,PUNJAB
NW12,NORTH,II,NW12,NORTH 1,MG CHANDIGARH BODYSHOP,CHANDIGARH,KRIS,KRISHNA MOTOR GARAGE,PUNJAB
N325,NORTH,III,N325,NORTH 1,MG BATHINDA,BHATINDA,RPJM,RP JHUNTHRA MOTORS PRIVATE LIMITED,PUNJAB
NU06,NORTH,III,N325,NORTH 1,MG FARIDKOT,FARIDKOT,RPJM,RP JHUNTHRA MOTORS PRIVATE LIMITED,PUNJAB
N303,NORTH,II,N319,NORTH 2,MG UDAIPUR,UDAIPUR,CHAM,CHAMBAL MOTORS PVT LTD,RAJASTHAN
NN02,NORTH,III,N303,NORTH 2,MG SALES GPS DCM,KOTA,CHAM,CHAMBAL MOTORS PVT LTD,RAJASTHAN
NN03,NORTH,III,N319,NORTH 2,MG BHIWANI,BHILWARA,CHAM,CHAMBAL MOTORS PVT LTD,RAJASTHAN
NS14,NORTH,,NS14,NORTH 2,MG ALWAR,ALWAR,CHAN,CHANDRAMAULI MG,RAJASTHAN
NW16,NORTH,III,NW16,NORTH 2,MG ALWAR SERVICE,ALWAR,CHAN,CHANDRAMAULI MG,RAJASTHAN
NU07,NORTH,III,NS14,NORTH 2,MG BHARATPUR - SALES,BHARATPUR,CHAN,CHANDRAMAULI MG,RAJASTHAN
NU09,NORTH,III,NS14,NORTH 2,MG BEHROR - SALES & SERVICE,BEHROR,CHAN,CHANDRAMAULI MG,RAJASTHAN
N309,NORTH,II,N309,NORTH 2,MG JODHPUR,JODHPUR,GANP,GANPATI FOUR WHEELS,RAJASTHAN
NN21,NORTH,II,NN21,NORTH 2,MG BIKANER,BIKANER,GANP,GANPATI FOUR WHEELS,RAJASTHAN
NN22,NORTH,III,N309,NORTH 2,MG SRI GANGANAGAR,SRI GANGANAGAR,GANP,GANPATI FOUR WHEELS,RAJASTHAN
NE02,NORTH,,NE02,NORTH 2,MG SALES GPS AJMER ROAD,JAIPUR,GPSA,GPS AUTOMOBILES PVT LTD,RAJASTHAN
NN04,NORTH,III,NS02,NORTH 2,MG SERVICE GPS SITAPURA,BHIWADI,GPSA,GPS AUTOMOBILES PVT LTD,RAJASTHAN
NN15,NORTH,III,NN15,NORTH 2,MG AJMER,AJMER,GPSA,GPS AUTOMOBILES PVT LTD,RAJASTHAN
NN27,NORTH,III,NS02,NORTH 2,MG SIKAR,SIKAR,GPSA,GPS AUTOMOBILES PVT LTD,RAJASTHAN
NS02,NORTH,,NS02,NORTH 2,MG SALES GPS TONK ROAD,JAIPUR,GPSA,GPS AUTOMOBILES PVT LTD,RAJASTHAN
NS13,NORTH,,NS13,NORTH 2,MG SALES GPS DCM,JAIPUR,GPSA,GPS AUTOMOBILES PVT LTD,RAJASTHAN
NW01,NORTH,II,NW01,NORTH 2,MG SERVICE GPS SITAPURA,JAIPUR,GPSA,GPS AUTOMOBILES PVT LTD,RAJASTHAN
NS08,NORTH,,NS08,NORTH 2,MG KOTA,KOTA,OMPL,OM AUTOMOTORS PVT LTD,RAJASTHAN
NW06,NORTH,III,NS08,NORTH 2,MG KOTA SERVICE,KOTA,OMPL,OM AUTOMOTORS PVT LTD,RAJASTHAN
N319,NORTH,II,N319,NORTH 2,MG UDAIPUR,UDAIPUR,PPSM,PPS MOTORS PRIVATE LTD,RAJASTHAN
NN33,NORTH,III,NN33,NORTH 2,MG BHILWARA,BHILWARA,PPSM,PPS MOTORS PRIVATE LTD,RAJASTHAN
NW13,NORTH,III,NW13,NORTH 2,MG UDAIPUR BODYSHOP,UDAIPUR,PPSM,PPS MOTORS PRIVATE LTD,RAJASTHAN
N321,NORTH,,N321,NORTH 2,MG SALES SAISUM BANI PARK,JAIPUR,SMPL,SAISUM MOTORS PVT LTD,RAJASTHAN
NW15,NORTH,I,NW15,NORTH 2,MG SERVICE SAISUM VKI,JAIPUR,SMPL,SAISUM MOTORS PVT LTD,RAJASTHAN
NU03,NORTH,III,N321,NORTH 2,MG SIKAR,SIKAR,SMPL,SAISUM MOTORS PVT LTD,RAJASTHAN
S301,SOUTH,II,S301,SOUTH 2,MG COIMBATORE,COIMBATORE,ARTE,ARTEMIS CARS INDIA PVT LTD,TAMIL NADU
S302,SOUTH,III,S302,SOUTH 2,MG MADURAI,MADURAI,ARTE,ARTEMIS CARS INDIA PVT LTD,TAMIL NADU
SE05,SOUTH,,SE05,SOUTH 2,MG CHENNAI OMR,CHENNAI,FPLA,FPL VEHICLES PVT LTD,TAMIL NADU
SN12,SOUTH,III,SN12,SOUTH 2,MG VELLORE,VELLORE,FPLA,FPL VEHICLES PVT LTD,TAMIL NADU
SN34,SOUTH,III,SN34,SOUTH 2,MG HOSUR,KRISHNAGIRI,FPLA,FPL VEHICLES PVT LTD,TAMIL NADU
SS05,SOUTH,,SS05,SOUTH 2,MG CHENNAI ANASALAI,CHENNAI,FPLA,FPL VEHICLES PVT LTD,TAMIL NADU
SS09,SOUTH,,SS09,SOUTH 2,MG AMBATTUR,CHENNAI,FPLA,FPL VEHICLES PVT LTD,TAMIL NADU
SS13,SOUTH,,SS05,SOUTH 2,MG STUDIOZ,CHENNAI,FPLA,FPL VEHICLES PVT LTD,TAMIL NADU
SW05,SOUTH,I,SW05,SOUTH 2,MG CHENNAI SERVICE,CHENNAI,FPLA,FPL VEHICLES PVT LTD,TAMIL NADU
SW10,SOUTH,I,SW10,SOUTH 2,MG AMBATTUR SERVICE,AMBATTUR,FPLA,FPL VEHICLES PVT LTD,TAMIL NADU
SW17,SOUTH,I+,SW17,SOUTH 2,MG CHENNAI OMR SERVICE,CHENNAI,FPLA,FPL VEHICLES PVT LTD,TAMIL NADU
S309,SOUTH,II,S309,SOUTH 2,MG COIMBATORE,COIMBATORE,PPSM,PPS MOTORS PRIVATE LTD,TAMIL NADU
S310,SOUTH,III,S310,SOUTH 2,MG MADURAI,MADURAI,PPSM,PPS MOTORS PRIVATE LTD,TAMIL NADU
SN20,SOUTH,III,SN20,SOUTH 2,MG SALEM,SALEM,PPSM,PPS MOTORS PRIVATE LTD,TAMIL NADU
SN23,SOUTH,III,SN23,SOUTH 2,MG MADURAI,MADURAI,PPSM,PPS MOTORS PRIVATE LTD,TAMIL NADU
SN24,SOUTH,III,SN24,SOUTH 2,MG TRICHY,TRICHY,PPSM,PPS MOTORS PRIVATE LTD,TAMIL NADU
SN29,SOUTH,III,SN29,SOUTH 2,MG THANJAVUR,THANJAVUR,PPSM,PPS MOTORS PRIVATE LTD,TAMIL NADU
SN33,SOUTH,III,SN33,SOUTH 2,MG ERODE,ERODE,PPSM,PPS MOTORS PRIVATE LTD,TAMIL NADU
SN36,SOUTH,III,SN36,SOUTH 2,MG TIRUNELVELI,TIRUNELVELI,PPSM,PPS MOTORS PRIVATE LTD,TAMIL NADU
SS20,SOUTH,,SS20,SOUTH 2,MG COIMBATORE METTUPALAYAM,COIMBATORE,RAMA,RAMANI AUTO PRIVATE LIMITED,TAMIL NADU
SW21,SOUTH,II,SW21,SOUTH 2,MG KOVAI METTUPALAYAM SERVICE,COIMBATORE,RAMA,RAMANI AUTO PRIVATE LIMITED,TAMIL NADU
SU06,SOUTH,,SS20,SOUTH 2,"MG RAMANI AUTO, KARUR",KARUR,RAMA,RAMANI AUTO PRIVATE LIMITED,TAMIL NADU
SU07,SOUTH,III,SS20,SOUTH 2,"MG RAMANI AUTO, TIRUPUR",TIRUPUR,RAMA,RAMANI AUTO PRIVATE LIMITED,TAMIL NADU
SS23,SOUTH,,SS23,SOUTH 2,MG CHENNAI MOUNT ROAD,CHENNAI,SMKA,SMK AUTO LLP,TAMIL NADU
SW20,SOUTH,I,SW20,SOUTH 2,MG CHENNAI MOUNT ROAD SERVICE,CHENNAI,SMKA,SMK AUTO LLP,TAMIL NADU
SS19,SOUTH,,SS19,SOUTH 2,MG SECUNDERABAD,HYDERABAD,AMPL,AUTOMOTIVE MANUFACTURERS,TELANGANA
SW23,SOUTH,I+,,SOUTH 2,"MG AMPL, KOMPALLY SECUNDERABAD",SECUNDERABAD,AMPL,AUTOMOTIVE MANUFACTURERS,TELANGANA
SS22,SOUTH,,SS22,SOUTH 2,MG MAHABUBNAGAR,MAHBUBNAGAR,NARM,NARMADA MOTOR VALLEY,TELANGANA
SW24,SOUTH,,,SOUTH 2,MG NARMADA MOTORS,MAHABUBNAGAR,NARM,NARMADA MOTOR VALLEY,TELANGANA
SU08,SOUTH,III,SW24,SOUTH 1,"MG NARMADA, KHAMMAM - SALES",KHAMMAM,NARM,NARMADA MOTOR VALLEY,TELANGANA
SS14,SOUTH,,SS14,SOUTH 2,MG HYDERABAD LB NAGAR,HYDERABAD,PPSM,PPS MOTORS PRIVATE LTD,TELANGANA
SS18,SOUTH,,SS18,SOUTH 2,MG SECUNDERABAD,HYDERABAD,PPSM,PPS MOTORS PRIVATE LTD,TELANGANA
SW12,SOUTH,I,SW12,SOUTH 2,MG LB NAGAR SERVICE,HYDERABAD,PPSM,PPS MOTORS PRIVATE LTD,TELANGANA
S314,SOUTH,I,S314,SOUTH 2,MG KONDAPUR,HYDERABAD,RAAM,RAAM4WHEELERS LLP,TELANGANA
SE04,SOUTH,,SE04,SOUTH 2,MG HYDERABAD GACHIBOWLI,HYDERABAD,RAAM,RAAM4WHEELERS LLP,TELANGANA
SN03,SOUTH,III,SS04,SOUTH 2,MG NIZAMABAD,NIZAMABAD,RAAM,RAAM4WHEELERS LLP,TELANGANA
SN06,SOUTH,III,SS04,SOUTH 2,MG WARANGAL SERVICE,WARANGAL,RAAM,RAAM4WHEELERS LLP,TELANGANA
SN17,SOUTH,III,SS04,SOUTH 2,MG KHAMMAM,KHAMMAM,RAAM,RAAM4WHEELERS LLP,TELANGANA
SN18,SOUTH,III,SN18,SOUTH 2,MG KARIMNAGAR,KARIMNAGAR,RAAM,RAAM4WHEELERS LLP,TELANGANA
SN26,SOUTH,III,SS04,SOUTH 2,MG MAHABUBNAGAR,MAHBUBNAGAR,RAAM,RAAM4WHEELERS LLP,TELANGANA
SS04,SOUTH,,SS04,SOUTH 2,MG HYDERABAD BANJARA HILLS,HYDERABAD,RAAM,RAAM4WHEELERS LLP,TELANGANA
SS08,SOUTH,,SS08,SOUTH 2,MG WARANGAL,WARANGAL,RAAM,RAAM4WHEELERS LLP,TELANGANA
SS15,SOUTH,,SS15,SOUTH 2,MG KUKATPALLY - HYDERABAD,HYDERABAD,RAAM,RAAM4WHEELERS LLP,TELANGANA
SW04,SOUTH,I,SW04,SOUTH 2,MG HYDERABAD SERVICE,HYDERABAD,RAAM,RAAM4WHEELERS LLP,TELANGANA
SW09,SOUTH,I,SW09,SOUTH 2,MG ATTAPUR SERVICE,HYDERABAD,RAAM,RAAM4WHEELERS LLP,TELANGANA
SW16,SOUTH,I+,SW16,SOUTH 2,MG HYDERABAD BALANAGAR BODYSHO,HYDERABAD,RAAM,RAAM4WHEELERS LLP,TELANGANA
SS25,SOUTH,,SS25,SOUTH 2,MG VIBRANT VEHICLES,HYDERABAD,VIBR,VIBRANT VEHICLES PVT LTD,TELANGANA
S319,SOUTH,,S319,SOUTH 2,"MG VIBRANT, HYDERABAD KUSHAIGU",HYDERABAD,VIBR,VIBRANT VEHICLES PVT LTD,TELANGANA
N318,CENTRAL,III,N318,CENTRAL 2,MG JHANSI,JHANSI,SOCL,SOCMO MOTORS LLP,UTTAR PRADESH
N320,CENTRAL,III,N320,CENTRAL 2,MG VARANASI,VARANASI,GTPL,GANPATI TRADECOM PVT LTD,UTTAR PRADESH
DU03,CENTRAL,III,DU03,CENTRAL 2,MG FIROZABAD,FIROZABAD,PAVL,PREM AUTO VENTURES LLP,UTTAR PRADESH
N306,CENTRAL,II,N306,CENTRAL 2,MG LUCKNOW CHINHAT,LUCKNOW,BEEA,BEEAAR AUTOWHEELS INDIA,UTTAR PRADESH
NE01,CENTRAL,,NE01,CENTRAL 2,MG LUCKNOW HAZRATGANJ,LUCKNOW,BEEA,BEEAAR AUTOWHEELS INDIA,UTTAR PRADESH
NN12,CENTRAL,,NN12,CENTRAL 2,MG SULTANPUR,SULTANPUR,BEEA,BEEAAR AUTOWHEELS INDIA,UTTAR PRADESH
NN13,CENTRAL,III,N306,CENTRAL 2,MG SITAPUR,SITAPUR,BEEA,BEEAAR AUTOWHEELS INDIA,UTTAR PRADESH
NN16,CENTRAL,III,N306,CENTRAL 2,MG LAKHIMPUR KHERI,LAKHIMPUR,BEEA,BEEAAR AUTOWHEELS INDIA,UTTAR PRADESH
NS11,CENTRAL,,NS11,CENTRAL 2,MG GORAKHPUR,GORAKHPUR,BEEA,BEEAAR AUTOWHEELS INDIA,UTTAR PRADESH
NS12,CENTRAL,,NS12,CENTRAL 2,MG LUCKNOW TRANSPORT NAGAR,LUCKNOW,BEEA,BEEAAR AUTOWHEELS INDIA,UTTAR PRADESH
NW09,CENTRAL,III,NW09,CENTRAL 2,MG GORAKHPUR SERVICE,GORAKHPUR,BEEA,BEEAAR AUTOWHEELS INDIA,UTTAR PRADESH
NW10,CENTRAL,II,NW10,CENTRAL 2,MG LUCKNOW TRANSPORTNAGAR SERV,LUCKNOW,BEEA,BEEAAR AUTOWHEELS INDIA,UTTAR PRADESH
D302,CENTRAL,I+,D302,CENTRAL 2,MG NOIDA,NOIDA,CRYS,CRYSTAL AUTOCARS PVT LTD.,UTTAR PRADESH
DE05,CENTRAL,,DE05,CENTRAL 2,MG GHAZIABAD,GHAZIABAD,CRYS,CRYSTAL AUTOCARS PVT LTD.,UTTAR PRADESH
DN02,CENTRAL,III,DE05,CENTRAL 2,MG BULANDSHAHR,BULANDSHAHR,CRYS,CRYSTAL AUTOCARS PVT LTD.,UTTAR PRADESH
DS05,CENTRAL,,DS05,CENTRAL 2,MG NOIDA SALES,NOIDA,CRYS,CRYSTAL AUTOCARS PVT LTD.,UTTAR PRADESH
DW08,CENTRAL,I+,DW08,CENTRAL 2,MG GHAZIABAD WORKSHOP,GHAZIABAD,CRYS,CRYSTAL AUTOCARS PVT LTD.,UTTAR PRADESH
DW12,CENTRAL,I+,DW12,CENTRAL 2,MG NOIDA BODYSHOP,NOIDA,CRYS,CRYSTAL AUTOCARS PVT LTD.,UTTAR PRADESH
DW15,CENTRAL,III,NS15,CENTRAL 2,MG PRAYAGRAJ SERVICE,PRAYAGRAJ,DATP,DEE AUTOTECH PRIVATE LIMITED,UTTAR PRADESH
NS15,CENTRAL,,NS15,CENTRAL 2,MG PRAYAGRAJ,PRAYAGRAJ,DATP,DEE AUTOTECH PRIVATE LIMITED,UTTAR PRADESH
D304,CENTRAL,I+,D304,CENTRAL 2,MG GREATER NOIDA,GREATER NOIDA,FRON,FRONTIER AUTOMOBILES PVL,UTTAR PRADESH
DS08,CENTRAL,,DS08,CENTRAL 2,MG NOIDA ELECTRONIC CITY,NOIDA,FRON,FRONTIER AUTOMOBILES PVL,UTTAR PRADESH
DW13,CENTRAL,I+,DW13,CENTRAL 2,MG NOIDA SERVICE ELECT. CITY,NOIDA,FRON,FRONTIER AUTOMOBILES PVL,UTTAR PRADESH
N307,CENTRAL,II,N307,CENTRAL 2,MG DEHRADUN,DEHRADUN,GRAN,GRAND VEHICLES (P) LTD.,UTTAR PRADESH
NN24,CENTRAL,III,N307,CENTRAL 2,MG MEERUT,MEERUT,GRAN,GRAND VEHICLES (P) LTD.,UTTAR PRADESH
NS06,CENTRAL,,NS06,CENTRAL 2,MG MEERUT,MEERUT,GRAN,GRAND VEHICLES (P) LTD.,UTTAR PRADESH
NW05,CENTRAL,III,NW05,CENTRAL 2,MG MEERUT SERVICE,MEERUT,GRAN,GRAND VEHICLES (P) LTD.,UTTAR PRADESH
N311,CENTRAL,III,N311,CENTRAL 2,MG BAREILLY,BAREILLY,KESH,KESHAV RAJ AUTOMOBILES PV,UTTAR PRADESH
NN28,CENTRAL,III,NN28,CENTRAL 2,MG MORADABAD,MORADABAD,KESH,KESHAV RAJ AUTOMOBILES PV,UTTAR PRADESH
D305,CENTRAL,,D305,CENTRAL 2,MG MUZAFFARNAGAR,MUZAFFARNAGAR,NALP,NAMAHA AUTO LLP,UTTAR PRADESH
DU01,CENTRAL,III,D305,CENTRAL 2,MG SAHARANPUR,SAHARANPUR,NALP,NAMAHA AUTO LLP,UTTAR PRADESH
DW09,CENTRAL,III,DW09,CENTRAL 2,MG AGRA SHAHDARA SERVICE,AGRA,NRLC,NRL CARS PVT LTD,UTTAR PRADESH
N304,CENTRAL,III,N304,CENTRAL 2,MG AGRA,AGRA,NRLC,NRL CARS PVT LTD,UTTAR PRADESH
NN01,CENTRAL,III,N304,CENTRAL 2,MG SALES GPS TONK ROAD,MATHURA,NRLC,NRL CARS PVT LTD,UTTAR PRADESH
NN20,CENTRAL,III,NN20,CENTRAL 2,MG ALIGARH,ALIGARH,NRLC,NRL CARS PVT LTD,UTTAR PRADESH
NN29,NORTH,III,NN29,NORTH 2,MG ETAWAH,ETAWAH,NRLC,NRL CARS PVT LTD,UTTAR PRADESH
NN30,NORTH,,NN30,NORTH 2,MG MATHURA,MATHURA,NRLC,NRL CARS PVT LTD,UTTAR PRADESH
N313,CENTRAL,III,N313,CENTRAL 2,MG PRAYAGRAJ,PRAYAGRAJ,PUNE,PUNEET CARS SALES PVT LTD,UTTAR PRADESH
NN25,NORTH,III,NN25,NORTH 2,MG PRAYAGRAJ,PRAYAGRAJ,PUNE,PUNEET CARS SALES PVT LTD,UTTAR PRADESH
NN26,NORTH,III,NN26,NORTH 2,MG AZAMGARH,AZAMGARH,PUNE,PUNEET CARS SALES PVT LTD,UTTAR PRADESH
WS12,CENTRAL,,WS12,CENTRAL 2,MG VARANASI,VARANASI,PUNE,PUNEET CARS SALES PVT LTD,UTTAR PRADESH
WW11,CENTRAL,III,WW11,CENTRAL 2,MG VARANASI SERVICE,VARANASI,PUNE,PUNEET CARS SALES PVT LTD,UTTAR PRADESH
N317,CENTRAL,III,N318,CENTRAL 2,MG JHANSI,JHANSI,SOCM,SOCMO CARS PVT. LTD.,UTTAR PRADESH
NN14,CENTRAL,III,N318,CENTRAL 2,MG JHANSI,JHANSI,SOCM,SOCMO CARS PVT. LTD.,UTTAR PRADESH
NS03,CENTRAL,,NS03,CENTRAL 2,MG KANPUR,KANPUR,SOCM,SOCMO CARS PVT. LTD.,UTTAR PRADESH
NW02,CENTRAL,III,NW02,CENTRAL 2,MG KANPUR SERVICE,KANPUR,SOCM,SOCMO CARS PVT. LTD.,UTTAR PRADESH
NW11,CENTRAL,III,NW11,CENTRAL 2,MG KANPUR BODYSHOP,KANPUR,SOCM,SOCMO CARS PVT. LTD.,UTTAR PRADESH
NN19,CENTRAL,III,NN19,CENTRAL 2,MG ROORKEE,ROORKEE,GRAN,GRAND VEHICLES (P) LTD.,UTTARAKHAND
N316,CENTRAL,III,N316,CENTRAL 2,MG HALDWANI,HALDWANI,KESH,KESHAV RAJ AUTOMOBILES PV,UTTARAKHAND
NN31,CENTRAL,III,NN31,CENTRAL 2,MG RUDRAPUR,RUDRAPUR,KESH,KESHAV RAJ AUTOMOBILES PV,UTTARAKHAND
EE01,EAST,,EE01,EAST 1,MG KOLKATA NORTH,KOLKATA,AHIT,AUTO HITECH PVT LTD,WEST BENGAL
EN02,EAST,III,ES01,EAST 1,MG DURGAPUR,DURGAPUR,AHIT,AUTO HITECH PVT LTD,WEST BENGAL
EN03,EAST,III,ES01,EAST 1,MG SILIGURI,SILIGURI,AHIT,AUTO HITECH PVT LTD,WEST BENGAL
ES01,EAST,,ES01,EAST 1,MG KOLKATA SOUTH,KOLKATA,AHIT,AUTO HITECH PVT LTD,WEST BENGAL
EW01,EAST,I,EW01,EAST 1,MG KOLKATA SERVICE,KOLKATA,AHIT,AUTO HITECH PVT LTD,WEST BENGAL
E308,EAST,I,E308,EAST 1,MG MAHESHTALA,KOLKATA,PRIM,PRIME AUTO CARS LIMITED,WEST BENGAL
EN18,EAST,,EN18,EAST 1,MG HOWRAH,HOWRAH,PRIM,PRIME AUTO CARS LIMITED,WEST BENGAL
EN19,EAST,III,EN18,EAST 1,MG HOWRAH SERVICE,HOWRAH,PRIM,PRIME AUTO CARS LIMITED,WEST BENGAL
ES05,EAST,,ES05,EAST 1,MG KOLKATA VIP ROAD,KOLKATA,PRIM,PRIME AUTO CARS LIMITED,WEST BENGAL
EU10,EAST,III,E308,EAST 1,MG SERAMPORE,SERAMPORE,PRIM,PRIME AUTO CARS LIMITED,WEST BENGAL
E305,EAST,III,E305,EAST 1,MG SILIGURI,SILIGURI,SAPL,SILIGURI AUTO WORKS PVT L,WEST BENGAL
ES06,EAST,,ES06,EAST 1,MG KOLKATA - VIP ROAD,KOLKATA,SCPL,SAINI COMMERCE PVT LTD,WEST BENGAL
EW09,EAST,I,ES06,EAST 1,MG KOLKATA,KOLKATA,SCPL,SAINI COMMERCE PVT LTD,WEST BENGAL
EX04,EAST,,ES06,EAST 1,"MG SAINI, KOLKATA TOPSIA",KOLKATA,SCPL,SAINI COMMERCE PVT LTD,WEST BENGAL
E311,EAST,,E311,EAST 1,MG ASANSOL,ASANSOL,SING,SINGHANIA FUTURE PVT. LTD,WEST BENGAL
E312,EAST,III,E311,EAST 1,MG ASANSOL,ASANSOL,SING,SINGHANIA FUTURE PVT. LTD,WEST BENGAL
EU11,EAST,III,ES07,EAST 1,MG BERHAMPUR UDAAN,BERHAMPUR,SSAP,SUPER SALES AUTOMOBILES PVT LMT,WEST BENGAL
